season,round,race_name,race_date,circuit_id,driver_id,driver_code,constructor_id,qualifying_position,avg_finish_last5,is_winner,is_top3,finish_position,points
2021,1,Bahrain Grand Prix,2021-03-28,bahrain,alonso,ALO,alpine,9.0,10.491659350307287,0,0,19,0.0
2021,1,Bahrain Grand Prix,2021-03-28,bahrain,bottas,BOT,mercedes,3.0,10.491659350307287,0,1,3,16.0
2021,1,Bahrain Grand Prix,2021-03-28,bahrain,gasly,GAS,alphatauri,5.0,10.491659350307287,0,0,17,0.0
2021,1,Bahrain Grand Prix,2021-03-28,bahrain,giovinazzi,GIO,alfa,12.0,10.491659350307287,0,0,12,0.0
2021,1,Bahrain Grand Prix,2021-03-28,bahrain,hamilton,HAM,mercedes,2.0,10.491659350307287,1,1,1,25.0
2021,1,Bahrain Grand Prix,2021-03-28,bahrain,latifi,LAT,williams,17.0,10.491659350307287,0,0,18,0.0
2021,1,Bahrain Grand Prix,2021-03-28,bahrain,leclerc,LEC,ferrari,4.0,10.491659350307287,0,0,6,8.0
2021,1,Bahrain Grand Prix,2021-03-28,bahrain,max_verstappen,VER,red_bull,1.0,10.491659350307287,0,1,2,18.0
2021,1,Bahrain Grand Prix,2021-03-28,bahrain,mazepin,MAZ,haas,20.0,10.491659350307287,0,0,20,0.0
2021,1,Bahrain Grand Prix,2021-03-28,bahrain,mick_schumacher,MSC,haas,19.0,10.491659350307287,0,0,16,0.0
2021,1,Bahrain Grand Prix,2021-03-28,bahrain,norris,NOR,mclaren,7.0,10.491659350307287,0,0,4,12.0
2021,1,Bahrain Grand Prix,2021-03-28,bahrain,ocon,OCO,alpine,16.0,10.491659350307287,0,0,13,0.0
2021,1,Bahrain Grand Prix,2021-03-28,bahrain,perez,PER,red_bull,11.0,10.491659350307287,0,0,5,10.0
2021,1,Bahrain Grand Prix,2021-03-28,bahrain,raikkonen,RAI,alfa,14.0,10.491659350307287,0,0,11,0.0
2021,1,Bahrain Grand Prix,2021-03-28,bahrain,ricciardo,RIC,mclaren,6.0,10.491659350307287,0,0,7,6.0
2021,1,Bahrain Grand Prix,2021-03-28,bahrain,russell,RUS,williams,15.0,10.491659350307287,0,0,14,0.0
2021,1,Bahrain Grand Prix,2021-03-28,bahrain,sainz,SAI,ferrari,8.0,10.491659350307287,0,0,8,4.0
2021,1,Bahrain Grand Prix,2021-03-28,bahrain,stroll,STR,aston_martin,10.0,10.491659350307287,0,0,10,1.0
2021,1,Bahrain Grand Prix,2021-03-28,bahrain,tsunoda,TSU,alphatauri,13.0,10.491659350307287,0,0,9,2.0
2021,1,Bahrain Grand Prix,2021-03-28,bahrain,vettel,VET,aston_martin,18.0,10.491659350307287,0,0,15,0.0
2021,2,Emilia Romagna Grand Prix,2021-04-18,imola,alonso,ALO,alpine,15.0,19.0,0,0,10,1.0
2021,2,Emilia Romagna Grand Prix,2021-04-18,imola,bottas,BOT,mercedes,8.0,3.0,0,0,18,0.0
2021,2,Emilia Romagna Grand Prix,2021-04-18,imola,gasly,GAS,alphatauri,5.0,17.0,0,0,7,6.0
2021,2,Emilia Romagna Grand Prix,2021-04-18,imola,giovinazzi,GIO,alfa,17.0,12.0,0,0,14,0.0
2021,2,Emilia Romagna Grand Prix,2021-04-18,imola,hamilton,HAM,mercedes,1.0,1.0,0,1,2,19.0
2021,2,Emilia Romagna Grand Prix,2021-04-18,imola,latifi,LAT,williams,14.0,18.0,0,0,20,0.0
2021,2,Emilia Romagna Grand Prix,2021-04-18,imola,leclerc,LEC,ferrari,4.0,6.0,0,0,4,12.0
2021,2,Emilia Romagna Grand Prix,2021-04-18,imola,max_verstappen,VER,red_bull,3.0,2.0,1,1,1,25.0
2021,2,Emilia Romagna Grand Prix,2021-04-18,imola,mazepin,MAZ,haas,19.0,20.0,0,0,17,0.0
2021,2,Emilia Romagna Grand Prix,2021-04-18,imola,mick_schumacher,MSC,haas,18.0,16.0,0,0,16,0.0
2021,2,Emilia Romagna Grand Prix,2021-04-18,imola,norris,NOR,mclaren,7.0,4.0,0,1,3,15.0
2021,2,Emilia Romagna Grand Prix,2021-04-18,imola,ocon,OCO,alpine,9.0,13.0,0,0,9,2.0
2021,2,Emilia Romagna Grand Prix,2021-04-18,imola,perez,PER,red_bull,2.0,5.0,0,0,11,0.0
2021,2,Emilia Romagna Grand Prix,2021-04-18,imola,raikkonen,RAI,alfa,16.0,11.0,0,0,13,0.0
2021,2,Emilia Romagna Grand Prix,2021-04-18,imola,ricciardo,RIC,mclaren,6.0,7.0,0,0,6,8.0
2021,2,Emilia Romagna Grand Prix,2021-04-18,imola,russell,RUS,williams,12.0,14.0,0,0,19,0.0
2021,2,Emilia Romagna Grand Prix,2021-04-18,imola,sainz,SAI,ferrari,11.0,8.0,0,0,5,10.0
2021,2,Emilia Romagna Grand Prix,2021-04-18,imola,stroll,STR,aston_martin,10.0,10.0,0,0,8,4.0
2021,2,Emilia Romagna Grand Prix,2021-04-18,imola,tsunoda,TSU,alphatauri,20.0,9.0,0,0,12,0.0
2021,2,Emilia Romagna Grand Prix,2021-04-18,imola,vettel,VET,aston_martin,13.0,15.0,0,0,15,0.0
2021,3,Portuguese Grand Prix,2021-05-02,portimao,alonso,ALO,alpine,13.0,14.5,0,0,8,4.0
2021,3,Portuguese Grand Prix,2021-05-02,portimao,bottas,BOT,mercedes,1.0,10.5,0,1,3,16.0
2021,3,Portuguese Grand Prix,2021-05-02,portimao,gasly,GAS,alphatauri,9.0,12.0,0,0,10,1.0
2021,3,Portuguese Grand Prix,2021-05-02,portimao,giovinazzi,GIO,alfa,12.0,13.0,0,0,12,0.0
2021,3,Portuguese Grand Prix,2021-05-02,portimao,hamilton,HAM,mercedes,2.0,1.5,1,1,1,25.0
2021,3,Portuguese Grand Prix,2021-05-02,portimao,latifi,LAT,williams,18.0,19.0,0,0,18,0.0
2021,3,Portuguese Grand Prix,2021-05-02,portimao,leclerc,LEC,ferrari,8.0,5.0,0,0,6,8.0
2021,3,Portuguese Grand Prix,2021-05-02,portimao,max_verstappen,VER,red_bull,3.0,1.5,0,1,2,18.0
2021,3,Portuguese Grand Prix,2021-05-02,portimao,mazepin,MAZ,haas,20.0,18.5,0,0,19,0.0
2021,3,Portuguese Grand Prix,2021-05-02,portimao,mick_schumacher,MSC,haas,19.0,16.0,0,0,17,0.0
2021,3,Portuguese Grand Prix,2021-05-02,portimao,norris,NOR,mclaren,7.0,3.5,0,0,5,10.0
2021,3,Portuguese Grand Prix,2021-05-02,portimao,ocon,OCO,alpine,6.0,11.0,0,0,7,6.0
2021,3,Portuguese Grand Prix,2021-05-02,portimao,perez,PER,red_bull,4.0,8.0,0,0,4,12.0
2021,3,Portuguese Grand Prix,2021-05-02,portimao,raikkonen,RAI,alfa,15.0,12.0,0,0,20,0.0
2021,3,Portuguese Grand Prix,2021-05-02,portimao,ricciardo,RIC,mclaren,16.0,6.5,0,0,9,2.0
2021,3,Portuguese Grand Prix,2021-05-02,portimao,russell,RUS,williams,11.0,16.5,0,0,16,0.0
2021,3,Portuguese Grand Prix,2021-05-02,portimao,sainz,SAI,ferrari,5.0,6.5,0,0,11,0.0
2021,3,Portuguese Grand Prix,2021-05-02,portimao,stroll,STR,aston_martin,17.0,9.0,0,0,14,0.0
2021,3,Portuguese Grand Prix,2021-05-02,portimao,tsunoda,TSU,alphatauri,14.0,10.5,0,0,15,0.0
2021,3,Portuguese Grand Prix,2021-05-02,portimao,vettel,VET,aston_martin,10.0,15.0,0,0,13,0.0
2021,4,Spanish Grand Prix,2021-05-09,catalunya,alonso,ALO,alpine,10.0,12.333333333333334,0,0,17,0.0
2021,4,Spanish Grand Prix,2021-05-09,catalunya,bottas,BOT,mercedes,3.0,8.0,0,1,3,15.0
2021,4,Spanish Grand Prix,2021-05-09,catalunya,gasly,GAS,alphatauri,12.0,11.333333333333334,0,0,10,1.0
2021,4,Spanish Grand Prix,2021-05-09,catalunya,giovinazzi,GIO,alfa,14.0,12.666666666666666,0,0,15,0.0
2021,4,Spanish Grand Prix,2021-05-09,catalunya,hamilton,HAM,mercedes,1.0,1.3333333333333333,1,1,1,25.0
2021,4,Spanish Grand Prix,2021-05-09,catalunya,latifi,LAT,williams,19.0,18.666666666666668,0,0,16,0.0
2021,4,Spanish Grand Prix,2021-05-09,catalunya,leclerc,LEC,ferrari,4.0,5.333333333333333,0,0,4,12.0
2021,4,Spanish Grand Prix,2021-05-09,catalunya,max_verstappen,VER,red_bull,2.0,1.6666666666666667,0,1,2,19.0
2021,4,Spanish Grand Prix,2021-05-09,catalunya,mazepin,MAZ,haas,20.0,18.666666666666668,0,0,19,0.0
2021,4,Spanish Grand Prix,2021-05-09,catalunya,mick_schumacher,MSC,haas,18.0,16.333333333333332,0,0,18,0.0
2021,4,Spanish Grand Prix,2021-05-09,catalunya,norris,NOR,mclaren,9.0,4.0,0,0,8,4.0
2021,4,Spanish Grand Prix,2021-05-09,catalunya,ocon,OCO,alpine,5.0,9.666666666666666,0,0,9,2.0
2021,4,Spanish Grand Prix,2021-05-09,catalunya,perez,PER,red_bull,8.0,6.666666666666667,0,0,5,10.0
2021,4,Spanish Grand Prix,2021-05-09,catalunya,raikkonen,RAI,alfa,17.0,14.666666666666666,0,0,12,0.0
2021,4,Spanish Grand Prix,2021-05-09,catalunya,ricciardo,RIC,mclaren,7.0,7.333333333333333,0,0,6,8.0
2021,4,Spanish Grand Prix,2021-05-09,catalunya,russell,RUS,williams,15.0,16.333333333333332,0,0,14,0.0
2021,4,Spanish Grand Prix,2021-05-09,catalunya,sainz,SAI,ferrari,6.0,8.0,0,0,7,6.0
2021,4,Spanish Grand Prix,2021-05-09,catalunya,stroll,STR,aston_martin,11.0,10.666666666666666,0,0,11,0.0
2021,4,Spanish Grand Prix,2021-05-09,catalunya,tsunoda,TSU,alphatauri,16.0,12.0,0,0,20,0.0
2021,4,Spanish Grand Prix,2021-05-09,catalunya,vettel,VET,aston_martin,13.0,14.333333333333334,0,0,13,0.0
2021,5,Monaco Grand Prix,2021-05-23,monaco,alonso,ALO,alpine,17.0,13.5,0,0,13,0.0
2021,5,Monaco Grand Prix,2021-05-23,monaco,bottas,BOT,mercedes,3.0,6.75,0,0,19,0.0
2021,5,Monaco Grand Prix,2021-05-23,monaco,gasly,GAS,alphatauri,6.0,11.0,0,0,6,8.0
2021,5,Monaco Grand Prix,2021-05-23,monaco,giovinazzi,GIO,alfa,10.0,13.25,0,0,10,1.0
2021,5,Monaco Grand Prix,2021-05-23,monaco,hamilton,HAM,mercedes,7.0,1.25,0,0,7,7.0
2021,5,Monaco Grand Prix,2021-05-23,monaco,latifi,LAT,williams,18.0,18.0,0,0,15,0.0
2021,5,Monaco Grand Prix,2021-05-23,monaco,leclerc,LEC,ferrari,1.0,5.0,0,0,20,0.0
2021,5,Monaco Grand Prix,2021-05-23,monaco,max_verstappen,VER,red_bull,2.0,1.75,1,1,1,25.0
2021,5,Monaco Grand Prix,2021-05-23,monaco,mazepin,MAZ,haas,19.0,18.75,0,0,17,0.0
2021,5,Monaco Grand Prix,2021-05-23,monaco,mick_schumacher,MSC,haas,20.0,16.75,0,0,18,0.0
2021,5,Monaco Grand Prix,2021-05-23,monaco,norris,NOR,mclaren,5.0,5.0,0,1,3,15.0
2021,5,Monaco Grand Prix,2021-05-23,monaco,ocon,OCO,alpine,11.0,9.5,0,0,9,2.0
2021,5,Monaco Grand Prix,2021-05-23,monaco,perez,PER,red_bull,9.0,6.25,0,0,4,12.0
2021,5,Monaco Grand Prix,2021-05-23,monaco,raikkonen,RAI,alfa,14.0,14.0,0,0,11,0.0
2021,5,Monaco Grand Prix,2021-05-23,monaco,ricciardo,RIC,mclaren,12.0,7.0,0,0,12,0.0
2021,5,Monaco Grand Prix,2021-05-23,monaco,russell,RUS,williams,15.0,15.75,0,0,14,0.0
2021,5,Monaco Grand Prix,2021-05-23,monaco,sainz,SAI,ferrari,4.0,7.75,0,1,2,18.0
2021,5,Monaco Grand Prix,2021-05-23,monaco,stroll,STR,aston_martin,13.0,10.75,0,0,8,4.0
2021,5,Monaco Grand Prix,2021-05-23,monaco,tsunoda,TSU,alphatauri,16.0,14.0,0,0,16,0.0
2021,5,Monaco Grand Prix,2021-05-23,monaco,vettel,VET,aston_martin,8.0,14.0,0,0,5,10.0
2021,6,Azerbaijan Grand Prix,2021-06-06,baku,alonso,ALO,alpine,9.0,13.4,0,0,6,8.0
2021,6,Azerbaijan Grand Prix,2021-06-06,baku,bottas,BOT,mercedes,10.0,9.2,0,0,12,0.0
2021,6,Azerbaijan Grand Prix,2021-06-06,baku,gasly,GAS,alphatauri,4.0,10.0,0,1,3,15.0
2021,6,Azerbaijan Grand Prix,2021-06-06,baku,giovinazzi,GIO,alfa,20.0,12.6,0,0,11,0.0
2021,6,Azerbaijan Grand Prix,2021-06-06,baku,hamilton,HAM,mercedes,2.0,2.4,0,0,15,0.0
2021,6,Azerbaijan Grand Prix,2021-06-06,baku,latifi,LAT,williams,16.0,17.4,0,0,16,0.0
2021,6,Azerbaijan Grand Prix,2021-06-06,baku,leclerc,LEC,ferrari,1.0,8.0,0,0,4,12.0
2021,6,Azerbaijan Grand Prix,2021-06-06,baku,max_verstappen,VER,red_bull,3.0,1.6,0,0,18,0.0
2021,6,Azerbaijan Grand Prix,2021-06-06,baku,mazepin,MAZ,haas,18.0,18.4,0,0,14,0.0
2021,6,Azerbaijan Grand Prix,2021-06-06,baku,mick_schumacher,MSC,haas,17.0,17.0,0,0,13,0.0
2021,6,Azerbaijan Grand Prix,2021-06-06,baku,norris,NOR,mclaren,6.0,4.6,0,0,5,10.0
2021,6,Azerbaijan Grand Prix,2021-06-06,baku,ocon,OCO,alpine,12.0,9.4,0,0,20,0.0
2021,6,Azerbaijan Grand Prix,2021-06-06,baku,perez,PER,red_bull,7.0,5.8,1,1,1,25.0
2021,6,Azerbaijan Grand Prix,2021-06-06,baku,raikkonen,RAI,alfa,14.0,13.4,0,0,10,1.0
2021,6,Azerbaijan Grand Prix,2021-06-06,baku,ricciardo,RIC,mclaren,13.0,8.0,0,0,9,2.0
2021,6,Azerbaijan Grand Prix,2021-06-06,baku,russell,RUS,williams,15.0,15.4,0,0,17,0.0
2021,6,Azerbaijan Grand Prix,2021-06-06,baku,sainz,SAI,ferrari,5.0,6.6,0,0,8,4.0
2021,6,Azerbaijan Grand Prix,2021-06-06,baku,stroll,STR,aston_martin,19.0,10.2,0,0,19,0.0
2021,6,Azerbaijan Grand Prix,2021-06-06,baku,tsunoda,TSU,alphatauri,8.0,14.4,0,0,7,6.0
2021,6,Azerbaijan Grand Prix,2021-06-06,baku,vettel,VET,aston_martin,11.0,12.2,0,1,2,18.0
2021,7,French Grand Prix,2021-06-20,ricard,alonso,ALO,alpine,9.0,10.8,0,0,8,4.0
2021,7,French Grand Prix,2021-06-20,ricard,bottas,BOT,mercedes,3.0,11.0,0,0,4,12.0
2021,7,French Grand Prix,2021-06-20,ricard,gasly,GAS,alphatauri,6.0,7.2,0,0,7,6.0
2021,7,French Grand Prix,2021-06-20,ricard,giovinazzi,GIO,alfa,13.0,12.4,0,0,15,0.0
2021,7,French Grand Prix,2021-06-20,ricard,hamilton,HAM,mercedes,2.0,5.2,0,1,2,18.0
2021,7,French Grand Prix,2021-06-20,ricard,latifi,LAT,williams,16.0,17.0,0,0,18,0.0
2021,7,French Grand Prix,2021-06-20,ricard,leclerc,LEC,ferrari,7.0,7.6,0,0,16,0.0
2021,7,French Grand Prix,2021-06-20,ricard,max_verstappen,VER,red_bull,1.0,4.8,1,1,1,26.0
2021,7,French Grand Prix,2021-06-20,ricard,mazepin,MAZ,haas,18.0,17.2,0,0,20,0.0
2021,7,French Grand Prix,2021-06-20,ricard,mick_schumacher,MSC,haas,15.0,16.4,0,0,19,0.0
2021,7,French Grand Prix,2021-06-20,ricard,norris,NOR,mclaren,8.0,4.8,0,0,5,10.0
2021,7,French Grand Prix,2021-06-20,ricard,ocon,OCO,alpine,11.0,10.8,0,0,14,0.0
2021,7,French Grand Prix,2021-06-20,ricard,perez,PER,red_bull,4.0,5.0,0,1,3,15.0
2021,7,French Grand Prix,2021-06-20,ricard,raikkonen,RAI,alfa,17.0,13.2,0,0,17,0.0
2021,7,French Grand Prix,2021-06-20,ricard,ricciardo,RIC,mclaren,10.0,8.4,0,0,6,8.0
2021,7,French Grand Prix,2021-06-20,ricard,russell,RUS,williams,14.0,16.0,0,0,12,0.0
2021,7,French Grand Prix,2021-06-20,ricard,sainz,SAI,ferrari,5.0,6.6,0,0,11,0.0
2021,7,French Grand Prix,2021-06-20,ricard,stroll,STR,aston_martin,19.0,12.0,0,0,10,1.0
2021,7,French Grand Prix,2021-06-20,ricard,tsunoda,TSU,alphatauri,20.0,14.0,0,0,13,0.0
2021,7,French Grand Prix,2021-06-20,ricard,vettel,VET,aston_martin,12.0,9.6,0,0,9,2.0
2021,8,Styrian Grand Prix,2021-06-27,red_bull_ring,alonso,ALO,alpine,9.0,10.4,0,0,9,2.0
2021,8,Styrian Grand Prix,2021-06-27,red_bull_ring,bottas,BOT,mercedes,2.0,8.2,0,1,3,15.0
2021,8,Styrian Grand Prix,2021-06-27,red_bull_ring,gasly,GAS,alphatauri,6.0,7.2,0,0,20,0.0
2021,8,Styrian Grand Prix,2021-06-27,red_bull_ring,giovinazzi,GIO,alfa,15.0,12.6,0,0,15,0.0
2021,8,Styrian Grand Prix,2021-06-27,red_bull_ring,hamilton,HAM,mercedes,3.0,5.2,0,1,2,19.0
2021,8,Styrian Grand Prix,2021-06-27,red_bull_ring,latifi,LAT,williams,16.0,16.6,0,0,17,0.0
2021,8,Styrian Grand Prix,2021-06-27,red_bull_ring,leclerc,LEC,ferrari,7.0,10.0,0,0,7,6.0
2021,8,Styrian Grand Prix,2021-06-27,red_bull_ring,max_verstappen,VER,red_bull,1.0,4.8,1,1,1,25.0
2021,8,Styrian Grand Prix,2021-06-27,red_bull_ring,mazepin,MAZ,haas,20.0,17.8,0,0,18,0.0
2021,8,Styrian Grand Prix,2021-06-27,red_bull_ring,mick_schumacher,MSC,haas,19.0,17.0,0,0,16,0.0
2021,8,Styrian Grand Prix,2021-06-27,red_bull_ring,norris,NOR,mclaren,4.0,5.2,0,0,5,10.0
2021,8,Styrian Grand Prix,2021-06-27,red_bull_ring,ocon,OCO,alpine,17.0,11.8,0,0,14,0.0
2021,8,Styrian Grand Prix,2021-06-27,red_bull_ring,perez,PER,red_bull,5.0,3.4,0,0,4,12.0
2021,8,Styrian Grand Prix,2021-06-27,red_bull_ring,raikkonen,RAI,alfa,18.0,14.0,0,0,11,0.0
2021,8,Styrian Grand Prix,2021-06-27,red_bull_ring,ricciardo,RIC,mclaren,13.0,8.4,0,0,13,0.0
2021,8,Styrian Grand Prix,2021-06-27,red_bull_ring,russell,RUS,williams,11.0,14.6,0,0,19,0.0
2021,8,Styrian Grand Prix,2021-06-27,red_bull_ring,sainz,SAI,ferrari,12.0,7.8,0,0,6,8.0
2021,8,Styrian Grand Prix,2021-06-27,red_bull_ring,stroll,STR,aston_martin,10.0,12.4,0,0,8,4.0
2021,8,Styrian Grand Prix,2021-06-27,red_bull_ring,tsunoda,TSU,alphatauri,8.0,14.2,0,0,10,1.0
2021,8,Styrian Grand Prix,2021-06-27,red_bull_ring,vettel,VET,aston_martin,14.0,8.4,0,0,12,0.0
2021,9,Austrian Grand Prix,2021-07-04,red_bull_ring,alonso,ALO,alpine,14.0,10.6,0,0,10,1.0
2021,9,Austrian Grand Prix,2021-07-04,red_bull_ring,bottas,BOT,mercedes,5.0,8.2,0,1,2,18.0
2021,9,Austrian Grand Prix,2021-07-04,red_bull_ring,gasly,GAS,alphatauri,6.0,9.2,0,0,9,2.0
2021,9,Austrian Grand Prix,2021-07-04,red_bull_ring,giovinazzi,GIO,alfa,15.0,13.2,0,0,14,0.0
2021,9,Austrian Grand Prix,2021-07-04,red_bull_ring,hamilton,HAM,mercedes,4.0,5.4,0,0,4,12.0
2021,9,Austrian Grand Prix,2021-07-04,red_bull_ring,latifi,LAT,williams,18.0,16.4,0,0,16,0.0
2021,9,Austrian Grand Prix,2021-07-04,red_bull_ring,leclerc,LEC,ferrari,12.0,10.2,0,0,8,4.0
2021,9,Austrian Grand Prix,2021-07-04,red_bull_ring,max_verstappen,VER,red_bull,1.0,4.6,1,1,1,26.0
2021,9,Austrian Grand Prix,2021-07-04,red_bull_ring,mazepin,MAZ,haas,20.0,17.6,0,0,19,0.0
2021,9,Austrian Grand Prix,2021-07-04,red_bull_ring,mick_schumacher,MSC,haas,19.0,16.8,0,0,18,0.0
2021,9,Austrian Grand Prix,2021-07-04,red_bull_ring,norris,NOR,mclaren,2.0,5.2,0,1,3,15.0
2021,9,Austrian Grand Prix,2021-07-04,red_bull_ring,ocon,OCO,alpine,17.0,13.2,0,0,20,0.0
2021,9,Austrian Grand Prix,2021-07-04,red_bull_ring,perez,PER,red_bull,3.0,3.4,0,0,6,8.0
2021,9,Austrian Grand Prix,2021-07-04,red_bull_ring,raikkonen,RAI,alfa,16.0,12.2,0,0,15,0.0
2021,9,Austrian Grand Prix,2021-07-04,red_bull_ring,ricciardo,RIC,mclaren,13.0,9.2,0,0,7,6.0
2021,9,Austrian Grand Prix,2021-07-04,red_bull_ring,russell,RUS,williams,9.0,15.2,0,0,11,0.0
2021,9,Austrian Grand Prix,2021-07-04,red_bull_ring,sainz,SAI,ferrari,11.0,6.8,0,0,5,10.0
2021,9,Austrian Grand Prix,2021-07-04,red_bull_ring,stroll,STR,aston_martin,10.0,11.2,0,0,13,0.0
2021,9,Austrian Grand Prix,2021-07-04,red_bull_ring,tsunoda,TSU,alphatauri,7.0,13.2,0,0,12,0.0
2021,9,Austrian Grand Prix,2021-07-04,red_bull_ring,vettel,VET,aston_martin,8.0,8.2,0,0,17,0.0
2021,10,British Grand Prix,2021-07-18,silverstone,alonso,ALO,alpine,11.0,9.2,0,0,7,6.0
2021,10,British Grand Prix,2021-07-18,silverstone,bottas,BOT,mercedes,3.0,8.0,0,1,3,15.0
2021,10,British Grand Prix,2021-07-18,silverstone,gasly,GAS,alphatauri,12.0,9.0,0,0,11,0.0
2021,10,British Grand Prix,2021-07-18,silverstone,giovinazzi,GIO,alfa,14.0,13.0,0,0,13,0.0
2021,10,British Grand Prix,2021-07-18,silverstone,hamilton,HAM,mercedes,1.0,6.0,1,1,1,25.0
2021,10,British Grand Prix,2021-07-18,silverstone,latifi,LAT,williams,18.0,16.4,0,0,14,0.0
2021,10,British Grand Prix,2021-07-18,silverstone,leclerc,LEC,ferrari,4.0,11.0,0,1,2,18.0
2021,10,British Grand Prix,2021-07-18,silverstone,max_verstappen,VER,red_bull,2.0,4.4,0,0,20,0.0
2021,10,British Grand Prix,2021-07-18,silverstone,mazepin,MAZ,haas,20.0,17.6,0,0,17,0.0
2021,10,British Grand Prix,2021-07-18,silverstone,mick_schumacher,MSC,haas,19.0,16.8,0,0,18,0.0
2021,10,British Grand Prix,2021-07-18,silverstone,norris,NOR,mclaren,6.0,4.2,0,0,4,12.0
2021,10,British Grand Prix,2021-07-18,silverstone,ocon,OCO,alpine,13.0,15.4,0,0,9,2.0
2021,10,British Grand Prix,2021-07-18,silverstone,perez,PER,red_bull,5.0,3.6,0,0,16,0.0
2021,10,British Grand Prix,2021-07-18,silverstone,raikkonen,RAI,alfa,17.0,12.8,0,0,15,0.0
2021,10,British Grand Prix,2021-07-18,silverstone,ricciardo,RIC,mclaren,7.0,9.4,0,0,5,10.0
2021,10,British Grand Prix,2021-07-18,silverstone,russell,RUS,williams,8.0,14.6,0,0,12,0.0
2021,10,British Grand Prix,2021-07-18,silverstone,sainz,SAI,ferrari,9.0,6.4,0,0,6,8.0
2021,10,British Grand Prix,2021-07-18,silverstone,stroll,STR,aston_martin,15.0,11.6,0,0,8,4.0
2021,10,British Grand Prix,2021-07-18,silverstone,tsunoda,TSU,alphatauri,16.0,11.6,0,0,10,1.0
2021,10,British Grand Prix,2021-07-18,silverstone,vettel,VET,aston_martin,10.0,9.0,0,0,19,0.0
2021,11,Hungarian Grand Prix,2021-08-01,hungaroring,alonso,ALO,alpine,9.0,8.0,0,0,4,12.0
2021,11,Hungarian Grand Prix,2021-08-01,hungaroring,bottas,BOT,mercedes,2.0,4.8,0,0,16,0.0
2021,11,Hungarian Grand Prix,2021-08-01,hungaroring,gasly,GAS,alphatauri,5.0,10.0,0,0,5,11.0
2021,11,Hungarian Grand Prix,2021-08-01,hungaroring,giovinazzi,GIO,alfa,14.0,13.6,0,0,13,0.0
2021,11,Hungarian Grand Prix,2021-08-01,hungaroring,hamilton,HAM,mercedes,1.0,4.8,0,1,2,18.0
2021,11,Hungarian Grand Prix,2021-08-01,hungaroring,latifi,LAT,williams,18.0,16.2,0,0,7,6.0
2021,11,Hungarian Grand Prix,2021-08-01,hungaroring,leclerc,LEC,ferrari,7.0,7.4,0,0,18,0.0
2021,11,Hungarian Grand Prix,2021-08-01,hungaroring,max_verstappen,VER,red_bull,3.0,8.2,0,0,9,2.0
2021,11,Hungarian Grand Prix,2021-08-01,hungaroring,mazepin,MAZ,haas,19.0,17.6,0,0,14,0.0
2021,11,Hungarian Grand Prix,2021-08-01,hungaroring,mick_schumacher,MSC,haas,20.0,16.8,0,0,12,0.0
2021,11,Hungarian Grand Prix,2021-08-01,hungaroring,norris,NOR,mclaren,6.0,4.4,0,0,15,0.0
2021,11,Hungarian Grand Prix,2021-08-01,hungaroring,ocon,OCO,alpine,8.0,15.4,1,1,1,25.0
2021,11,Hungarian Grand Prix,2021-08-01,hungaroring,perez,PER,red_bull,4.0,6.0,0,0,17,0.0
2021,11,Hungarian Grand Prix,2021-08-01,hungaroring,raikkonen,RAI,alfa,13.0,13.6,0,0,10,1.0
2021,11,Hungarian Grand Prix,2021-08-01,hungaroring,ricciardo,RIC,mclaren,11.0,8.0,0,0,11,0.0
2021,11,Hungarian Grand Prix,2021-08-01,hungaroring,russell,RUS,williams,17.0,14.2,0,0,8,4.0
2021,11,Hungarian Grand Prix,2021-08-01,hungaroring,sainz,SAI,ferrari,15.0,7.2,0,1,3,15.0
2021,11,Hungarian Grand Prix,2021-08-01,hungaroring,stroll,STR,aston_martin,12.0,11.6,0,0,19,0.0
2021,11,Hungarian Grand Prix,2021-08-01,hungaroring,tsunoda,TSU,alphatauri,16.0,10.4,0,0,6,8.0
2021,11,Hungarian Grand Prix,2021-08-01,hungaroring,vettel,VET,aston_martin,10.0,11.8,0,0,20,0.0
2021,12,Belgian Grand Prix,2021-08-29,spa,alonso,ALO,alpine,14.0,7.6,0,0,11,0.0
2021,12,Belgian Grand Prix,2021-08-29,spa,bottas,BOT,mercedes,8.0,5.6,0,0,12,0.0
2021,12,Belgian Grand Prix,2021-08-29,spa,gasly,GAS,alphatauri,6.0,10.4,0,0,6,4.0
2021,12,Belgian Grand Prix,2021-08-29,spa,giovinazzi,GIO,alfa,16.0,14.0,0,0,13,0.0
2021,12,Belgian Grand Prix,2021-08-29,spa,hamilton,HAM,mercedes,3.0,2.2,0,1,3,7.5
2021,12,Belgian Grand Prix,2021-08-29,spa,latifi,LAT,williams,12.0,14.4,0,0,9,1.0
2021,12,Belgian Grand Prix,2021-08-29,spa,leclerc,LEC,ferrari,11.0,10.2,0,0,8,2.0
2021,12,Belgian Grand Prix,2021-08-29,spa,max_verstappen,VER,red_bull,1.0,6.4,1,1,1,12.5
2021,12,Belgian Grand Prix,2021-08-29,spa,mazepin,MAZ,haas,20.0,17.6,0,0,17,0.0
2021,12,Belgian Grand Prix,2021-08-29,spa,mick_schumacher,MSC,haas,18.0,16.6,0,0,16,0.0
2021,12,Belgian Grand Prix,2021-08-29,spa,norris,NOR,mclaren,10.0,6.4,0,0,14,0.0
2021,12,Belgian Grand Prix,2021-08-29,spa,ocon,OCO,alpine,9.0,11.6,0,0,7,3.0
2021,12,Belgian Grand Prix,2021-08-29,spa,perez,PER,red_bull,7.0,9.2,0,0,19,0.0
2021,12,Belgian Grand Prix,2021-08-29,spa,raikkonen,RAI,alfa,19.0,13.6,0,0,18,0.0
2021,12,Belgian Grand Prix,2021-08-29,spa,ricciardo,RIC,mclaren,4.0,8.4,0,0,4,6.0
2021,12,Belgian Grand Prix,2021-08-29,spa,russell,RUS,williams,2.0,12.4,0,1,2,9.0
2021,12,Belgian Grand Prix,2021-08-29,spa,sainz,SAI,ferrari,13.0,6.2,0,0,10,0.5
2021,12,Belgian Grand Prix,2021-08-29,spa,stroll,STR,aston_martin,15.0,11.6,0,0,20,0.0
2021,12,Belgian Grand Prix,2021-08-29,spa,tsunoda,TSU,alphatauri,17.0,10.2,0,0,15,0.0
2021,12,Belgian Grand Prix,2021-08-29,spa,vettel,VET,aston_martin,5.0,15.4,0,0,5,5.0
2021,13,Dutch Grand Prix,2021-09-05,zandvoort,alonso,ALO,alpine,9.0,8.2,0,0,6,8.0
2021,13,Dutch Grand Prix,2021-09-05,zandvoort,bottas,BOT,mercedes,3.0,7.2,0,1,3,15.0
2021,13,Dutch Grand Prix,2021-09-05,zandvoort,gasly,GAS,alphatauri,4.0,10.2,0,0,4,12.0
2021,13,Dutch Grand Prix,2021-09-05,zandvoort,giovinazzi,GIO,alfa,7.0,13.6,0,0,14,0.0
2021,13,Dutch Grand Prix,2021-09-05,zandvoort,hamilton,HAM,mercedes,2.0,2.4,0,1,2,19.0
2021,13,Dutch Grand Prix,2021-09-05,zandvoort,kubica,KUB,alfa,18.0,10.491659350307287,0,0,15,0.0
2021,13,Dutch Grand Prix,2021-09-05,zandvoort,latifi,LAT,williams,14.0,12.6,0,0,16,0.0
2021,13,Dutch Grand Prix,2021-09-05,zandvoort,leclerc,LEC,ferrari,5.0,8.6,0,0,5,10.0
2021,13,Dutch Grand Prix,2021-09-05,zandvoort,max_verstappen,VER,red_bull,1.0,6.4,1,1,1,25.0
2021,13,Dutch Grand Prix,2021-09-05,zandvoort,mazepin,MAZ,haas,20.0,17.0,0,0,20,0.0
2021,13,Dutch Grand Prix,2021-09-05,zandvoort,mick_schumacher,MSC,haas,19.0,16.0,0,0,18,0.0
2021,13,Dutch Grand Prix,2021-09-05,zandvoort,norris,NOR,mclaren,13.0,8.2,0,0,10,1.0
2021,13,Dutch Grand Prix,2021-09-05,zandvoort,ocon,OCO,alpine,8.0,10.2,0,0,9,2.0
2021,13,Dutch Grand Prix,2021-09-05,zandvoort,perez,PER,red_bull,16.0,12.4,0,0,8,4.0
2021,13,Dutch Grand Prix,2021-09-05,zandvoort,ricciardo,RIC,mclaren,10.0,8.0,0,0,11,0.0
2021,13,Dutch Grand Prix,2021-09-05,zandvoort,russell,RUS,williams,11.0,10.4,0,0,17,0.0
2021,13,Dutch Grand Prix,2021-09-05,zandvoort,sainz,SAI,ferrari,6.0,6.0,0,0,7,6.0
2021,13,Dutch Grand Prix,2021-09-05,zandvoort,stroll,STR,aston_martin,12.0,13.6,0,0,12,0.0
2021,13,Dutch Grand Prix,2021-09-05,zandvoort,tsunoda,TSU,alphatauri,15.0,10.6,0,0,19,0.0
2021,13,Dutch Grand Prix,2021-09-05,zandvoort,vettel,VET,aston_martin,17.0,14.6,0,0,13,0.0
2021,14,Italian Grand Prix,2021-09-12,monza,alonso,ALO,alpine,13.0,7.6,0,0,8,4.0
2021,14,Italian Grand Prix,2021-09-12,monza,bottas,BOT,mercedes,1.0,7.2,0,1,3,15.0
2021,14,Italian Grand Prix,2021-09-12,monza,gasly,GAS,alphatauri,6.0,7.0,0,0,19,0.0
2021,14,Italian Grand Prix,2021-09-12,monza,giovinazzi,GIO,alfa,10.0,13.4,0,0,13,0.0
2021,14,Italian Grand Prix,2021-09-12,monza,hamilton,HAM,mercedes,2.0,2.4,0,0,17,0.0
2021,14,Italian Grand Prix,2021-09-12,monza,kubica,KUB,alfa,19.0,15.0,0,0,14,0.0
2021,14,Italian Grand Prix,2021-09-12,monza,latifi,LAT,williams,16.0,12.4,0,0,11,0.0
2021,14,Italian Grand Prix,2021-09-12,monza,leclerc,LEC,ferrari,8.0,8.2,0,0,4,12.0
2021,14,Italian Grand Prix,2021-09-12,monza,max_verstappen,VER,red_bull,3.0,6.4,0,0,18,0.0
2021,14,Italian Grand Prix,2021-09-12,monza,mazepin,MAZ,haas,20.0,17.4,0,0,16,0.0
2021,14,Italian Grand Prix,2021-09-12,monza,mick_schumacher,MSC,haas,18.0,16.4,0,0,15,0.0
2021,14,Italian Grand Prix,2021-09-12,monza,norris,NOR,mclaren,4.0,9.2,0,1,2,18.0
2021,14,Italian Grand Prix,2021-09-12,monza,ocon,OCO,alpine,14.0,9.2,0,0,10,1.0
2021,14,Italian Grand Prix,2021-09-12,monza,perez,PER,red_bull,9.0,13.2,0,0,5,10.0
2021,14,Italian Grand Prix,2021-09-12,monza,ricciardo,RIC,mclaren,5.0,7.6,1,1,1,26.0
2021,14,Italian Grand Prix,2021-09-12,monza,russell,RUS,williams,15.0,10.0,0,0,9,2.0
2021,14,Italian Grand Prix,2021-09-12,monza,sainz,SAI,ferrari,7.0,6.2,0,0,6,8.0
2021,14,Italian Grand Prix,2021-09-12,monza,stroll,STR,aston_martin,12.0,14.4,0,0,7,6.0
2021,14,Italian Grand Prix,2021-09-12,monza,tsunoda,TSU,alphatauri,17.0,12.4,0,0,20,0.0
2021,14,Italian Grand Prix,2021-09-12,monza,vettel,VET,aston_martin,11.0,14.8,0,0,12,0.0
2021,15,Russian Grand Prix,2021-09-26,sochi,alonso,ALO,alpine,6.0,7.2,0,0,6,8.0
2021,15,Russian Grand Prix,2021-09-26,sochi,bottas,BOT,mercedes,7.0,7.4,0,0,5,10.0
2021,15,Russian Grand Prix,2021-09-26,sochi,gasly,GAS,alphatauri,12.0,9.0,0,0,13,0.0
2021,15,Russian Grand Prix,2021-09-26,sochi,giovinazzi,GIO,alfa,18.0,13.2,0,0,16,0.0
2021,15,Russian Grand Prix,2021-09-26,sochi,hamilton,HAM,mercedes,4.0,5.0,1,1,1,25.0
2021,15,Russian Grand Prix,2021-09-26,sochi,latifi,LAT,williams,14.0,11.4,0,0,19,0.0
2021,15,Russian Grand Prix,2021-09-26,sochi,leclerc,LEC,ferrari,15.0,7.4,0,0,15,0.0
2021,15,Russian Grand Prix,2021-09-26,sochi,max_verstappen,VER,red_bull,20.0,9.8,0,1,2,18.0
2021,15,Russian Grand Prix,2021-09-26,sochi,mazepin,MAZ,haas,19.0,16.8,0,0,18,0.0
2021,15,Russian Grand Prix,2021-09-26,sochi,mick_schumacher,MSC,haas,17.0,15.8,0,0,20,0.0
2021,15,Russian Grand Prix,2021-09-26,sochi,norris,NOR,mclaren,1.0,9.0,0,0,7,7.0
2021,15,Russian Grand Prix,2021-09-26,sochi,ocon,OCO,alpine,10.0,7.2,0,0,14,0.0
2021,15,Russian Grand Prix,2021-09-26,sochi,perez,PER,red_bull,9.0,13.0,0,0,9,2.0
2021,15,Russian Grand Prix,2021-09-26,sochi,raikkonen,RAI,alfa,16.0,13.8,0,0,8,4.0
2021,15,Russian Grand Prix,2021-09-26,sochi,ricciardo,RIC,mclaren,5.0,6.4,0,0,4,12.0
2021,15,Russian Grand Prix,2021-09-26,sochi,russell,RUS,williams,3.0,9.6,0,0,10,1.0
2021,15,Russian Grand Prix,2021-09-26,sochi,sainz,SAI,ferrari,2.0,6.4,0,1,3,15.0
2021,15,Russian Grand Prix,2021-09-26,sochi,stroll,STR,aston_martin,8.0,13.2,0,0,11,0.0
2021,15,Russian Grand Prix,2021-09-26,sochi,tsunoda,TSU,alphatauri,13.0,14.0,0,0,17,0.0
2021,15,Russian Grand Prix,2021-09-26,sochi,vettel,VET,aston_martin,11.0,13.8,0,0,12,0.0
2021,16,Turkish Grand Prix,2021-10-10,istanbul,alonso,ALO,alpine,6.0,7.0,0,0,16,0.0
2021,16,Turkish Grand Prix,2021-10-10,istanbul,bottas,BOT,mercedes,2.0,7.8,1,1,1,26.0
2021,16,Turkish Grand Prix,2021-10-10,istanbul,gasly,GAS,alphatauri,5.0,9.4,0,0,6,8.0
2021,16,Turkish Grand Prix,2021-10-10,istanbul,giovinazzi,GIO,alfa,18.0,13.8,0,0,11,0.0
2021,16,Turkish Grand Prix,2021-10-10,istanbul,hamilton,HAM,mercedes,1.0,5.0,0,0,5,10.0
2021,16,Turkish Grand Prix,2021-10-10,istanbul,latifi,LAT,williams,17.0,12.4,0,0,17,0.0
2021,16,Turkish Grand Prix,2021-10-10,istanbul,leclerc,LEC,ferrari,4.0,10.0,0,0,4,12.0
2021,16,Turkish Grand Prix,2021-10-10,istanbul,max_verstappen,VER,red_bull,3.0,6.2,0,1,2,18.0
2021,16,Turkish Grand Prix,2021-10-10,istanbul,mazepin,MAZ,haas,20.0,17.0,0,0,20,0.0
2021,16,Turkish Grand Prix,2021-10-10,istanbul,mick_schumacher,MSC,haas,14.0,16.2,0,0,19,0.0
2021,16,Turkish Grand Prix,2021-10-10,istanbul,norris,NOR,mclaren,8.0,9.6,0,0,7,6.0
2021,16,Turkish Grand Prix,2021-10-10,istanbul,ocon,OCO,alpine,12.0,8.2,0,0,10,1.0
2021,16,Turkish Grand Prix,2021-10-10,istanbul,perez,PER,red_bull,7.0,11.6,0,1,3,15.0
2021,16,Turkish Grand Prix,2021-10-10,istanbul,raikkonen,RAI,alfa,19.0,13.2,0,0,12,0.0
2021,16,Turkish Grand Prix,2021-10-10,istanbul,ricciardo,RIC,mclaren,16.0,6.2,0,0,13,0.0
2021,16,Turkish Grand Prix,2021-10-10,istanbul,russell,RUS,williams,13.0,9.2,0,0,15,0.0
2021,16,Turkish Grand Prix,2021-10-10,istanbul,sainz,SAI,ferrari,15.0,5.8,0,0,8,4.0
2021,16,Turkish Grand Prix,2021-10-10,istanbul,stroll,STR,aston_martin,9.0,13.8,0,0,9,2.0
2021,16,Turkish Grand Prix,2021-10-10,istanbul,tsunoda,TSU,alphatauri,10.0,15.4,0,0,14,0.0
2021,16,Turkish Grand Prix,2021-10-10,istanbul,vettel,VET,aston_martin,11.0,12.4,0,0,18,0.0
2021,17,United States Grand Prix,2021-10-24,americas,alonso,ALO,alpine,14.0,9.4,0,0,18,0.0
2021,17,United States Grand Prix,2021-10-24,americas,bottas,BOT,mercedes,4.0,4.8,0,0,6,8.0
2021,17,United States Grand Prix,2021-10-24,americas,gasly,GAS,alphatauri,9.0,9.6,0,0,20,0.0
2021,17,United States Grand Prix,2021-10-24,americas,giovinazzi,GIO,alfa,13.0,13.4,0,0,11,0.0
2021,17,United States Grand Prix,2021-10-24,americas,hamilton,HAM,mercedes,2.0,5.6,0,1,2,19.0
2021,17,United States Grand Prix,2021-10-24,americas,latifi,LAT,williams,17.0,14.4,0,0,15,0.0
2021,17,United States Grand Prix,2021-10-24,americas,leclerc,LEC,ferrari,5.0,7.2,0,0,4,12.0
2021,17,United States Grand Prix,2021-10-24,americas,max_verstappen,VER,red_bull,1.0,4.8,1,1,1,25.0
2021,17,United States Grand Prix,2021-10-24,americas,mazepin,MAZ,haas,20.0,18.2,0,0,17,0.0
2021,17,United States Grand Prix,2021-10-24,americas,mick_schumacher,MSC,haas,19.0,17.6,0,0,16,0.0
2021,17,United States Grand Prix,2021-10-24,americas,norris,NOR,mclaren,8.0,8.0,0,0,8,4.0
2021,17,United States Grand Prix,2021-10-24,americas,ocon,OCO,alpine,11.0,10.0,0,0,19,0.0
2021,17,United States Grand Prix,2021-10-24,americas,perez,PER,red_bull,3.0,8.8,0,1,3,15.0
2021,17,United States Grand Prix,2021-10-24,americas,raikkonen,RAI,alfa,18.0,12.6,0,0,13,0.0
2021,17,United States Grand Prix,2021-10-24,americas,ricciardo,RIC,mclaren,7.0,6.6,0,0,5,10.0
2021,17,United States Grand Prix,2021-10-24,americas,russell,RUS,williams,15.0,10.6,0,0,14,0.0
2021,17,United States Grand Prix,2021-10-24,americas,sainz,SAI,ferrari,6.0,6.8,0,0,7,6.0
2021,17,United States Grand Prix,2021-10-24,americas,stroll,STR,aston_martin,16.0,11.8,0,0,12,0.0
2021,17,United States Grand Prix,2021-10-24,americas,tsunoda,TSU,alphatauri,10.0,17.0,0,0,9,2.0
2021,17,United States Grand Prix,2021-10-24,americas,vettel,VET,aston_martin,12.0,12.0,0,0,10,1.0
2021,18,Mexico City Grand Prix,2021-11-07,rodriguez,alonso,ALO,alpine,16.0,10.8,0,0,9,2.0
2021,18,Mexico City Grand Prix,2021-11-07,rodriguez,bottas,BOT,mercedes,1.0,3.6,0,0,15,0.0
2021,18,Mexico City Grand Prix,2021-11-07,rodriguez,gasly,GAS,alphatauri,5.0,12.4,0,0,4,12.0
2021,18,Mexico City Grand Prix,2021-11-07,rodriguez,giovinazzi,GIO,alfa,14.0,13.0,0,0,11,0.0
2021,18,Mexico City Grand Prix,2021-11-07,rodriguez,hamilton,HAM,mercedes,2.0,5.4,0,1,2,18.0
2021,18,Mexico City Grand Prix,2021-11-07,rodriguez,latifi,LAT,williams,17.0,15.6,0,0,17,0.0
2021,18,Mexico City Grand Prix,2021-11-07,rodriguez,leclerc,LEC,ferrari,8.0,6.4,0,0,5,10.0
2021,18,Mexico City Grand Prix,2021-11-07,rodriguez,max_verstappen,VER,red_bull,3.0,4.8,1,1,1,25.0
2021,18,Mexico City Grand Prix,2021-11-07,rodriguez,mazepin,MAZ,haas,19.0,18.2,0,0,18,0.0
2021,18,Mexico City Grand Prix,2021-11-07,rodriguez,mick_schumacher,MSC,haas,18.0,17.6,0,0,19,0.0
2021,18,Mexico City Grand Prix,2021-11-07,rodriguez,norris,NOR,mclaren,10.0,6.8,0,0,10,1.0
2021,18,Mexico City Grand Prix,2021-11-07,rodriguez,ocon,OCO,alpine,15.0,12.4,0,0,13,0.0
2021,18,Mexico City Grand Prix,2021-11-07,rodriguez,perez,PER,red_bull,4.0,5.6,0,1,3,15.0
2021,18,Mexico City Grand Prix,2021-11-07,rodriguez,raikkonen,RAI,alfa,12.0,12.2,0,0,8,4.0
2021,18,Mexico City Grand Prix,2021-11-07,rodriguez,ricciardo,RIC,mclaren,7.0,6.8,0,0,12,0.0
2021,18,Mexico City Grand Prix,2021-11-07,rodriguez,russell,RUS,williams,13.0,13.0,0,0,16,0.0
2021,18,Mexico City Grand Prix,2021-11-07,rodriguez,sainz,SAI,ferrari,6.0,6.2,0,0,6,8.0
2021,18,Mexico City Grand Prix,2021-11-07,rodriguez,stroll,STR,aston_martin,20.0,10.2,0,0,14,0.0
2021,18,Mexico City Grand Prix,2021-11-07,rodriguez,tsunoda,TSU,alphatauri,9.0,15.8,0,0,20,0.0
2021,18,Mexico City Grand Prix,2021-11-07,rodriguez,vettel,VET,aston_martin,11.0,13.0,0,0,7,6.0
2021,19,São Paulo Grand Prix,2021-11-14,interlagos,alonso,ALO,alpine,10.0,11.4,0,0,9,2.0
2021,19,São Paulo Grand Prix,2021-11-14,interlagos,bottas,BOT,mercedes,3.0,6.0,0,1,3,15.0
2021,19,São Paulo Grand Prix,2021-11-14,interlagos,gasly,GAS,alphatauri,5.0,12.4,0,0,7,6.0
2021,19,São Paulo Grand Prix,2021-11-14,interlagos,giovinazzi,GIO,alfa,15.0,12.4,0,0,14,0.0
2021,19,São Paulo Grand Prix,2021-11-14,interlagos,hamilton,HAM,mercedes,1.0,5.4,1,1,1,25.0
2021,19,São Paulo Grand Prix,2021-11-14,interlagos,latifi,LAT,williams,17.0,15.8,0,0,16,0.0
2021,19,São Paulo Grand Prix,2021-11-14,interlagos,leclerc,LEC,ferrari,7.0,6.4,0,0,5,10.0
2021,19,São Paulo Grand Prix,2021-11-14,interlagos,max_verstappen,VER,red_bull,2.0,4.8,0,1,2,18.0
2021,19,São Paulo Grand Prix,2021-11-14,interlagos,mazepin,MAZ,haas,20.0,17.8,0,0,17,0.0
2021,19,São Paulo Grand Prix,2021-11-14,interlagos,mick_schumacher,MSC,haas,19.0,17.8,0,0,18,0.0
2021,19,São Paulo Grand Prix,2021-11-14,interlagos,norris,NOR,mclaren,8.0,6.8,0,0,10,1.0
2021,19,São Paulo Grand Prix,2021-11-14,interlagos,ocon,OCO,alpine,11.0,13.2,0,0,8,4.0
2021,19,São Paulo Grand Prix,2021-11-14,interlagos,perez,PER,red_bull,4.0,4.6,0,0,4,13.0
2021,19,São Paulo Grand Prix,2021-11-14,interlagos,raikkonen,RAI,alfa,14.0,11.8,0,0,12,0.0
2021,19,São Paulo Grand Prix,2021-11-14,interlagos,ricciardo,RIC,mclaren,9.0,7.0,0,0,19,0.0
2021,19,São Paulo Grand Prix,2021-11-14,interlagos,russell,RUS,williams,18.0,12.8,0,0,13,0.0
2021,19,São Paulo Grand Prix,2021-11-14,interlagos,sainz,SAI,ferrari,6.0,6.0,0,0,6,8.0
2021,19,São Paulo Grand Prix,2021-11-14,interlagos,stroll,STR,aston_martin,16.0,10.6,0,0,20,0.0
2021,19,São Paulo Grand Prix,2021-11-14,interlagos,tsunoda,TSU,alphatauri,13.0,16.0,0,0,15,0.0
2021,19,São Paulo Grand Prix,2021-11-14,interlagos,vettel,VET,aston_martin,12.0,11.8,0,0,11,0.0
2021,20,Qatar Grand Prix,2021-11-21,losail,alonso,ALO,alpine,5.0,11.6,0,1,3,15.0
2021,20,Qatar Grand Prix,2021-11-21,losail,bottas,BOT,mercedes,3.0,6.0,0,0,20,0.0
2021,20,Qatar Grand Prix,2021-11-21,losail,gasly,GAS,alphatauri,4.0,10.0,0,0,11,0.0
2021,20,Qatar Grand Prix,2021-11-21,losail,giovinazzi,GIO,alfa,18.0,12.6,0,0,15,0.0
2021,20,Qatar Grand Prix,2021-11-21,losail,hamilton,HAM,mercedes,1.0,2.2,1,1,1,25.0
2021,20,Qatar Grand Prix,2021-11-21,losail,latifi,LAT,williams,17.0,16.8,0,0,19,0.0
2021,20,Qatar Grand Prix,2021-11-21,losail,leclerc,LEC,ferrari,13.0,6.6,0,0,8,4.0
2021,20,Qatar Grand Prix,2021-11-21,losail,max_verstappen,VER,red_bull,2.0,1.6,0,1,2,19.0
2021,20,Qatar Grand Prix,2021-11-21,losail,mazepin,MAZ,haas,20.0,18.0,0,0,18,0.0
2021,20,Qatar Grand Prix,2021-11-21,losail,mick_schumacher,MSC,haas,19.0,18.4,0,0,16,0.0
2021,20,Qatar Grand Prix,2021-11-21,losail,norris,NOR,mclaren,6.0,8.4,0,0,9,2.0
2021,20,Qatar Grand Prix,2021-11-21,losail,ocon,OCO,alpine,9.0,12.8,0,0,5,10.0
2021,20,Qatar Grand Prix,2021-11-21,losail,perez,PER,red_bull,11.0,4.4,0,0,4,12.0
2021,20,Qatar Grand Prix,2021-11-21,losail,raikkonen,RAI,alfa,16.0,10.6,0,0,14,0.0
2021,20,Qatar Grand Prix,2021-11-21,losail,ricciardo,RIC,mclaren,14.0,10.6,0,0,12,0.0
2021,20,Qatar Grand Prix,2021-11-21,losail,russell,RUS,williams,15.0,13.6,0,0,17,0.0
2021,20,Qatar Grand Prix,2021-11-21,losail,sainz,SAI,ferrari,7.0,6.0,0,0,7,6.0
2021,20,Qatar Grand Prix,2021-11-21,losail,stroll,STR,aston_martin,12.0,13.2,0,0,6,8.0
2021,20,Qatar Grand Prix,2021-11-21,losail,tsunoda,TSU,alphatauri,8.0,15.0,0,0,13,0.0
2021,20,Qatar Grand Prix,2021-11-21,losail,vettel,VET,aston_martin,10.0,11.6,0,0,10,1.0
2021,21,Saudi Arabian Grand Prix,2021-12-05,jeddah,alonso,ALO,alpine,13.0,11.0,0,0,13,0.0
2021,21,Saudi Arabian Grand Prix,2021-12-05,jeddah,bottas,BOT,mercedes,2.0,9.0,0,1,3,15.0
2021,21,Saudi Arabian Grand Prix,2021-12-05,jeddah,gasly,GAS,alphatauri,6.0,9.6,0,0,6,8.0
2021,21,Saudi Arabian Grand Prix,2021-12-05,jeddah,giovinazzi,GIO,alfa,10.0,12.4,0,0,9,2.0
2021,21,Saudi Arabian Grand Prix,2021-12-05,jeddah,hamilton,HAM,mercedes,1.0,2.2,1,1,1,26.0
2021,21,Saudi Arabian Grand Prix,2021-12-05,jeddah,latifi,LAT,williams,16.0,16.8,0,0,12,0.0
2021,21,Saudi Arabian Grand Prix,2021-12-05,jeddah,leclerc,LEC,ferrari,4.0,5.2,0,0,7,6.0
2021,21,Saudi Arabian Grand Prix,2021-12-05,jeddah,max_verstappen,VER,red_bull,3.0,1.6,0,1,2,18.0
2021,21,Saudi Arabian Grand Prix,2021-12-05,jeddah,mazepin,MAZ,haas,20.0,18.0,0,0,18,0.0
2021,21,Saudi Arabian Grand Prix,2021-12-05,jeddah,mick_schumacher,MSC,haas,19.0,17.6,0,0,20,0.0
2021,21,Saudi Arabian Grand Prix,2021-12-05,jeddah,norris,NOR,mclaren,7.0,8.8,0,0,10,1.0
2021,21,Saudi Arabian Grand Prix,2021-12-05,jeddah,ocon,OCO,alpine,9.0,11.0,0,0,4,12.0
2021,21,Saudi Arabian Grand Prix,2021-12-05,jeddah,perez,PER,red_bull,5.0,3.4,0,0,17,0.0
2021,21,Saudi Arabian Grand Prix,2021-12-05,jeddah,raikkonen,RAI,alfa,12.0,11.8,0,0,15,0.0
2021,21,Saudi Arabian Grand Prix,2021-12-05,jeddah,ricciardo,RIC,mclaren,11.0,12.2,0,0,5,10.0
2021,21,Saudi Arabian Grand Prix,2021-12-05,jeddah,russell,RUS,williams,14.0,15.0,0,0,19,0.0
2021,21,Saudi Arabian Grand Prix,2021-12-05,jeddah,sainz,SAI,ferrari,15.0,6.8,0,0,8,4.0
2021,21,Saudi Arabian Grand Prix,2021-12-05,jeddah,stroll,STR,aston_martin,18.0,12.2,0,0,11,0.0
2021,21,Saudi Arabian Grand Prix,2021-12-05,jeddah,tsunoda,TSU,alphatauri,8.0,14.2,0,0,14,0.0
2021,21,Saudi Arabian Grand Prix,2021-12-05,jeddah,vettel,VET,aston_martin,17.0,11.2,0,0,16,0.0
2021,22,Abu Dhabi Grand Prix,2021-12-12,yas_marina,alonso,ALO,alpine,11.0,10.4,0,0,8,4.0
2021,22,Abu Dhabi Grand Prix,2021-12-12,yas_marina,bottas,BOT,mercedes,6.0,9.4,0,0,6,8.0
2021,22,Abu Dhabi Grand Prix,2021-12-12,yas_marina,gasly,GAS,alphatauri,12.0,9.6,0,0,5,10.0
2021,22,Abu Dhabi Grand Prix,2021-12-12,yas_marina,giovinazzi,GIO,alfa,14.0,12.0,0,0,17,0.0
2021,22,Abu Dhabi Grand Prix,2021-12-12,yas_marina,hamilton,HAM,mercedes,2.0,1.4,0,1,2,18.0
2021,22,Abu Dhabi Grand Prix,2021-12-12,yas_marina,latifi,LAT,williams,16.0,15.8,0,0,16,0.0
2021,22,Abu Dhabi Grand Prix,2021-12-12,yas_marina,leclerc,LEC,ferrari,7.0,5.8,0,0,10,1.0
2021,22,Abu Dhabi Grand Prix,2021-12-12,yas_marina,max_verstappen,VER,red_bull,1.0,1.6,1,1,1,26.0
2021,22,Abu Dhabi Grand Prix,2021-12-12,yas_marina,mazepin,MAZ,haas,20.0,17.6,0,0,20,0.0
2021,22,Abu Dhabi Grand Prix,2021-12-12,yas_marina,mick_schumacher,MSC,haas,19.0,17.8,0,0,14,0.0
2021,22,Abu Dhabi Grand Prix,2021-12-12,yas_marina,norris,NOR,mclaren,3.0,9.4,0,0,7,6.0
2021,22,Abu Dhabi Grand Prix,2021-12-12,yas_marina,ocon,OCO,alpine,9.0,9.8,0,0,9,2.0
2021,22,Abu Dhabi Grand Prix,2021-12-12,yas_marina,perez,PER,red_bull,4.0,6.2,0,0,15,0.0
2021,22,Abu Dhabi Grand Prix,2021-12-12,yas_marina,raikkonen,RAI,alfa,18.0,12.4,0,0,19,0.0
2021,22,Abu Dhabi Grand Prix,2021-12-12,yas_marina,ricciardo,RIC,mclaren,10.0,10.6,0,0,12,0.0
2021,22,Abu Dhabi Grand Prix,2021-12-12,yas_marina,russell,RUS,williams,17.0,15.8,0,0,18,0.0
2021,22,Abu Dhabi Grand Prix,2021-12-12,yas_marina,sainz,SAI,ferrari,5.0,6.8,0,1,3,15.0
2021,22,Abu Dhabi Grand Prix,2021-12-12,yas_marina,stroll,STR,aston_martin,13.0,12.6,0,0,13,0.0
2021,22,Abu Dhabi Grand Prix,2021-12-12,yas_marina,tsunoda,TSU,alphatauri,8.0,14.2,0,0,4,12.0
2021,22,Abu Dhabi Grand Prix,2021-12-12,yas_marina,vettel,VET,aston_martin,15.0,10.8,0,0,11,0.0
2022,1,Bahrain Grand Prix,2022-03-20,bahrain,albon,ALB,williams,14.0,10.491659350307287,0,0,13,0.0
2022,1,Bahrain Grand Prix,2022-03-20,bahrain,alonso,ALO,alpine,8.0,8.4,0,0,9,2.0
2022,1,Bahrain Grand Prix,2022-03-20,bahrain,bottas,BOT,alfa,6.0,9.4,0,0,6,8.0
2022,1,Bahrain Grand Prix,2022-03-20,bahrain,gasly,GAS,alphatauri,10.0,6.6,0,0,20,0.0
2022,1,Bahrain Grand Prix,2022-03-20,bahrain,hamilton,HAM,mercedes,5.0,1.4,0,1,3,15.0
2022,1,Bahrain Grand Prix,2022-03-20,bahrain,hulkenberg,HUL,aston_martin,17.0,10.491659350307287,0,0,17,0.0
2022,1,Bahrain Grand Prix,2022-03-20,bahrain,kevin_magnussen,MAG,haas,7.0,10.491659350307287,0,0,5,10.0
2022,1,Bahrain Grand Prix,2022-03-20,bahrain,latifi,LAT,williams,20.0,16.0,0,0,16,0.0
2022,1,Bahrain Grand Prix,2022-03-20,bahrain,leclerc,LEC,ferrari,1.0,7.0,1,1,1,26.0
2022,1,Bahrain Grand Prix,2022-03-20,bahrain,max_verstappen,VER,red_bull,2.0,1.6,0,0,19,0.0
2022,1,Bahrain Grand Prix,2022-03-20,bahrain,mick_schumacher,MSC,haas,12.0,17.4,0,0,11,0.0
2022,1,Bahrain Grand Prix,2022-03-20,bahrain,norris,NOR,mclaren,13.0,9.2,0,0,15,0.0
2022,1,Bahrain Grand Prix,2022-03-20,bahrain,ocon,OCO,alpine,11.0,7.8,0,0,7,6.0
2022,1,Bahrain Grand Prix,2022-03-20,bahrain,perez,PER,red_bull,4.0,8.6,0,0,18,0.0
2022,1,Bahrain Grand Prix,2022-03-20,bahrain,ricciardo,RIC,mclaren,18.0,12.0,0,0,14,0.0
2022,1,Bahrain Grand Prix,2022-03-20,bahrain,russell,RUS,mercedes,9.0,16.6,0,0,4,12.0
2022,1,Bahrain Grand Prix,2022-03-20,bahrain,sainz,SAI,ferrari,3.0,6.0,0,1,2,18.0
2022,1,Bahrain Grand Prix,2022-03-20,bahrain,stroll,STR,aston_martin,19.0,12.8,0,0,12,0.0
2022,1,Bahrain Grand Prix,2022-03-20,bahrain,tsunoda,TSU,alphatauri,16.0,13.2,0,0,8,4.0
2022,1,Bahrain Grand Prix,2022-03-20,bahrain,zhou,ZHO,alfa,15.0,10.491659350307287,0,0,10,1.0
2022,2,Saudi Arabian Grand Prix,2022-03-27,jeddah,albon,ALB,williams,17.0,13.0,0,0,14,0.0
2022,2,Saudi Arabian Grand Prix,2022-03-27,jeddah,alonso,ALO,alpine,7.0,8.4,0,0,16,0.0
2022,2,Saudi Arabian Grand Prix,2022-03-27,jeddah,bottas,BOT,alfa,8.0,7.6,0,0,15,0.0
2022,2,Saudi Arabian Grand Prix,2022-03-27,jeddah,gasly,GAS,alphatauri,9.0,9.8,0,0,8,4.0
2022,2,Saudi Arabian Grand Prix,2022-03-27,jeddah,hamilton,HAM,mercedes,16.0,1.6,0,0,10,1.0
2022,2,Saudi Arabian Grand Prix,2022-03-27,jeddah,hulkenberg,HUL,aston_martin,18.0,17.0,0,0,12,0.0
2022,2,Saudi Arabian Grand Prix,2022-03-27,jeddah,kevin_magnussen,MAG,haas,10.0,5.0,0,0,9,2.0
2022,2,Saudi Arabian Grand Prix,2022-03-27,jeddah,latifi,LAT,williams,19.0,15.8,0,0,18,0.0
2022,2,Saudi Arabian Grand Prix,2022-03-27,jeddah,leclerc,LEC,ferrari,2.0,6.2,0,1,2,19.0
2022,2,Saudi Arabian Grand Prix,2022-03-27,jeddah,max_verstappen,VER,red_bull,4.0,5.2,1,1,1,25.0
2022,2,Saudi Arabian Grand Prix,2022-03-27,jeddah,mick_schumacher,MSC,haas,14.0,15.8,0,0,20,0.0
2022,2,Saudi Arabian Grand Prix,2022-03-27,jeddah,norris,NOR,mclaren,11.0,10.2,0,0,7,6.0
2022,2,Saudi Arabian Grand Prix,2022-03-27,jeddah,ocon,OCO,alpine,5.0,6.6,0,0,6,8.0
2022,2,Saudi Arabian Grand Prix,2022-03-27,jeddah,perez,PER,red_bull,1.0,11.6,0,0,4,12.0
2022,2,Saudi Arabian Grand Prix,2022-03-27,jeddah,ricciardo,RIC,mclaren,12.0,12.4,0,0,17,0.0
2022,2,Saudi Arabian Grand Prix,2022-03-27,jeddah,russell,RUS,mercedes,6.0,14.2,0,0,5,10.0
2022,2,Saudi Arabian Grand Prix,2022-03-27,jeddah,sainz,SAI,ferrari,3.0,5.2,0,1,3,15.0
2022,2,Saudi Arabian Grand Prix,2022-03-27,jeddah,stroll,STR,aston_martin,15.0,12.4,0,0,13,0.0
2022,2,Saudi Arabian Grand Prix,2022-03-27,jeddah,tsunoda,TSU,alphatauri,20.0,10.8,0,0,19,0.0
2022,2,Saudi Arabian Grand Prix,2022-03-27,jeddah,zhou,ZHO,alfa,13.0,10.0,0,0,11,0.0
2022,3,Australian Grand Prix,2022-04-10,albert_park,albon,ALB,williams,16.0,13.5,0,0,10,1.0
2022,3,Australian Grand Prix,2022-04-10,albert_park,alonso,ALO,alpine,10.0,9.8,0,0,17,0.0
2022,3,Australian Grand Prix,2022-04-10,albert_park,bottas,BOT,alfa,12.0,10.0,0,0,8,4.0
2022,3,Australian Grand Prix,2022-04-10,albert_park,gasly,GAS,alphatauri,11.0,10.0,0,0,9,2.0
2022,3,Australian Grand Prix,2022-04-10,albert_park,hamilton,HAM,mercedes,5.0,3.4,0,0,4,12.0
2022,3,Australian Grand Prix,2022-04-10,albert_park,kevin_magnussen,MAG,haas,17.0,7.0,0,0,14,0.0
2022,3,Australian Grand Prix,2022-04-10,albert_park,latifi,LAT,williams,19.0,16.2,0,0,16,0.0
2022,3,Australian Grand Prix,2022-04-10,albert_park,leclerc,LEC,ferrari,1.0,5.6,1,1,1,26.0
2022,3,Australian Grand Prix,2022-04-10,albert_park,max_verstappen,VER,red_bull,2.0,5.0,0,0,18,0.0
2022,3,Australian Grand Prix,2022-04-10,albert_park,mick_schumacher,MSC,haas,15.0,16.2,0,0,13,0.0
2022,3,Australian Grand Prix,2022-04-10,albert_park,norris,NOR,mclaren,4.0,9.6,0,0,5,10.0
2022,3,Australian Grand Prix,2022-04-10,albert_park,ocon,OCO,alpine,8.0,6.2,0,0,7,6.0
2022,3,Australian Grand Prix,2022-04-10,albert_park,perez,PER,red_bull,3.0,11.6,0,1,2,18.0
2022,3,Australian Grand Prix,2022-04-10,albert_park,ricciardo,RIC,mclaren,7.0,12.0,0,0,6,8.0
2022,3,Australian Grand Prix,2022-04-10,albert_park,russell,RUS,mercedes,6.0,12.6,0,1,3,15.0
2022,3,Australian Grand Prix,2022-04-10,albert_park,sainz,SAI,ferrari,9.0,4.6,0,0,20,0.0
2022,3,Australian Grand Prix,2022-04-10,albert_park,stroll,STR,aston_martin,20.0,11.0,0,0,12,0.0
2022,3,Australian Grand Prix,2022-04-10,albert_park,tsunoda,TSU,alphatauri,13.0,11.6,0,0,15,0.0
2022,3,Australian Grand Prix,2022-04-10,albert_park,vettel,VET,aston_martin,18.0,11.0,0,0,19,0.0
2022,3,Australian Grand Prix,2022-04-10,albert_park,zhou,ZHO,alfa,14.0,10.5,0,0,11,0.0
2022,4,Emilia Romagna Grand Prix,2022-04-24,imola,albon,ALB,williams,20.0,12.333333333333334,0,0,11,0.0
2022,4,Emilia Romagna Grand Prix,2022-04-24,imola,alonso,ALO,alpine,5.0,12.6,0,0,19,0.0
2022,4,Emilia Romagna Grand Prix,2022-04-24,imola,bottas,BOT,alfa,8.0,7.6,0,0,5,10.0
2022,4,Emilia Romagna Grand Prix,2022-04-24,imola,gasly,GAS,alphatauri,17.0,9.6,0,0,12,0.0
2022,4,Emilia Romagna Grand Prix,2022-04-24,imola,hamilton,HAM,mercedes,13.0,4.0,0,0,13,0.0
2022,4,Emilia Romagna Grand Prix,2022-04-24,imola,kevin_magnussen,MAG,haas,4.0,9.333333333333334,0,0,9,2.0
2022,4,Emilia Romagna Grand Prix,2022-04-24,imola,latifi,LAT,williams,18.0,15.6,0,0,16,0.0
2022,4,Emilia Romagna Grand Prix,2022-04-24,imola,leclerc,LEC,ferrari,2.0,4.2,0,0,6,8.0
2022,4,Emilia Romagna Grand Prix,2022-04-24,imola,max_verstappen,VER,red_bull,1.0,8.2,1,1,1,26.0
2022,4,Emilia Romagna Grand Prix,2022-04-24,imola,mick_schumacher,MSC,haas,12.0,15.6,0,0,17,0.0
2022,4,Emilia Romagna Grand Prix,2022-04-24,imola,norris,NOR,mclaren,3.0,8.8,0,1,3,15.0
2022,4,Emilia Romagna Grand Prix,2022-04-24,imola,ocon,OCO,alpine,19.0,6.6,0,0,14,0.0
2022,4,Emilia Romagna Grand Prix,2022-04-24,imola,perez,PER,red_bull,7.0,11.2,0,1,2,18.0
2022,4,Emilia Romagna Grand Prix,2022-04-24,imola,ricciardo,RIC,mclaren,6.0,10.8,0,0,18,0.0
2022,4,Emilia Romagna Grand Prix,2022-04-24,imola,russell,RUS,mercedes,11.0,9.8,0,0,4,12.0
2022,4,Emilia Romagna Grand Prix,2022-04-24,imola,sainz,SAI,ferrari,10.0,7.2,0,0,20,0.0
2022,4,Emilia Romagna Grand Prix,2022-04-24,imola,stroll,STR,aston_martin,15.0,12.2,0,0,10,1.0
2022,4,Emilia Romagna Grand Prix,2022-04-24,imola,tsunoda,TSU,alphatauri,16.0,12.0,0,0,7,6.0
2022,4,Emilia Romagna Grand Prix,2022-04-24,imola,vettel,VET,aston_martin,9.0,13.4,0,0,8,4.0
2022,4,Emilia Romagna Grand Prix,2022-04-24,imola,zhou,ZHO,alfa,14.0,10.666666666666666,0,0,15,0.0
2022,5,Miami Grand Prix,2022-05-08,miami,albon,ALB,williams,18.0,12.0,0,0,9,2.0
2022,5,Miami Grand Prix,2022-05-08,miami,alonso,ALO,alpine,11.0,13.8,0,0,11,0.0
2022,5,Miami Grand Prix,2022-05-08,miami,bottas,BOT,alfa,5.0,8.0,0,0,7,6.0
2022,5,Miami Grand Prix,2022-05-08,miami,gasly,GAS,alphatauri,7.0,10.8,0,0,18,0.0
2022,5,Miami Grand Prix,2022-05-08,miami,hamilton,HAM,mercedes,6.0,6.4,0,0,6,8.0
2022,5,Miami Grand Prix,2022-05-08,miami,kevin_magnussen,MAG,haas,16.0,9.25,0,0,16,0.0
2022,5,Miami Grand Prix,2022-05-08,miami,latifi,LAT,williams,19.0,16.4,0,0,14,0.0
2022,5,Miami Grand Prix,2022-05-08,miami,leclerc,LEC,ferrari,1.0,4.0,0,1,2,18.0
2022,5,Miami Grand Prix,2022-05-08,miami,max_verstappen,VER,red_bull,3.0,8.0,1,1,1,26.0
2022,5,Miami Grand Prix,2022-05-08,miami,mick_schumacher,MSC,haas,15.0,15.0,0,0,15,0.0
2022,5,Miami Grand Prix,2022-05-08,miami,norris,NOR,mclaren,8.0,7.4,0,0,19,0.0
2022,5,Miami Grand Prix,2022-05-08,miami,ocon,OCO,alpine,20.0,8.6,0,0,8,4.0
2022,5,Miami Grand Prix,2022-05-08,miami,perez,PER,red_bull,4.0,8.2,0,0,4,12.0
2022,5,Miami Grand Prix,2022-05-08,miami,ricciardo,RIC,mclaren,14.0,13.4,0,0,13,0.0
2022,5,Miami Grand Prix,2022-05-08,miami,russell,RUS,mercedes,12.0,6.8,0,0,5,10.0
2022,5,Miami Grand Prix,2022-05-08,miami,sainz,SAI,ferrari,2.0,9.6,0,1,3,15.0
2022,5,Miami Grand Prix,2022-05-08,miami,stroll,STR,aston_martin,10.0,12.0,0,0,10,1.0
2022,5,Miami Grand Prix,2022-05-08,miami,tsunoda,TSU,alphatauri,9.0,10.6,0,0,12,0.0
2022,5,Miami Grand Prix,2022-05-08,miami,vettel,VET,aston_martin,13.0,12.8,0,0,17,0.0
2022,5,Miami Grand Prix,2022-05-08,miami,zhou,ZHO,alfa,17.0,11.75,0,0,20,0.0
2022,6,Spanish Grand Prix,2022-05-22,catalunya,albon,ALB,williams,19.0,11.4,0,0,18,0.0
2022,6,Spanish Grand Prix,2022-05-22,catalunya,alonso,ALO,alpine,17.0,14.4,0,0,9,2.0
2022,6,Spanish Grand Prix,2022-05-22,catalunya,bottas,BOT,alfa,7.0,8.2,0,0,6,8.0
2022,6,Spanish Grand Prix,2022-05-22,catalunya,gasly,GAS,alphatauri,14.0,13.4,0,0,13,0.0
2022,6,Spanish Grand Prix,2022-05-22,catalunya,hamilton,HAM,mercedes,6.0,7.2,0,0,5,10.0
2022,6,Spanish Grand Prix,2022-05-22,catalunya,kevin_magnussen,MAG,haas,8.0,10.6,0,0,17,0.0
2022,6,Spanish Grand Prix,2022-05-22,catalunya,latifi,LAT,williams,20.0,16.0,0,0,16,0.0
2022,6,Spanish Grand Prix,2022-05-22,catalunya,leclerc,LEC,ferrari,1.0,2.4,0,0,20,0.0
2022,6,Spanish Grand Prix,2022-05-22,catalunya,max_verstappen,VER,red_bull,2.0,8.0,1,1,1,25.0
2022,6,Spanish Grand Prix,2022-05-22,catalunya,mick_schumacher,MSC,haas,10.0,15.2,0,0,14,0.0
2022,6,Spanish Grand Prix,2022-05-22,catalunya,norris,NOR,mclaren,11.0,9.8,0,0,8,4.0
2022,6,Spanish Grand Prix,2022-05-22,catalunya,ocon,OCO,alpine,12.0,8.4,0,0,7,6.0
2022,6,Spanish Grand Prix,2022-05-22,catalunya,perez,PER,red_bull,5.0,6.0,0,1,2,19.0
2022,6,Spanish Grand Prix,2022-05-22,catalunya,ricciardo,RIC,mclaren,9.0,13.6,0,0,12,0.0
2022,6,Spanish Grand Prix,2022-05-22,catalunya,russell,RUS,mercedes,4.0,4.2,0,1,3,15.0
2022,6,Spanish Grand Prix,2022-05-22,catalunya,sainz,SAI,ferrari,3.0,9.6,0,0,4,12.0
2022,6,Spanish Grand Prix,2022-05-22,catalunya,stroll,STR,aston_martin,18.0,11.4,0,0,15,0.0
2022,6,Spanish Grand Prix,2022-05-22,catalunya,tsunoda,TSU,alphatauri,13.0,12.2,0,0,10,1.0
2022,6,Spanish Grand Prix,2022-05-22,catalunya,vettel,VET,aston_martin,16.0,14.2,0,0,11,0.0
2022,6,Spanish Grand Prix,2022-05-22,catalunya,zhou,ZHO,alfa,15.0,13.4,0,0,19,0.0
2022,7,Monaco Grand Prix,2022-05-29,monaco,albon,ALB,williams,16.0,12.4,0,0,18,0.0
2022,7,Monaco Grand Prix,2022-05-29,monaco,alonso,ALO,alpine,7.0,14.4,0,0,7,6.0
2022,7,Monaco Grand Prix,2022-05-29,monaco,bottas,BOT,alfa,12.0,8.2,0,0,9,2.0
2022,7,Monaco Grand Prix,2022-05-29,monaco,gasly,GAS,alphatauri,17.0,12.0,0,0,11,0.0
2022,7,Monaco Grand Prix,2022-05-29,monaco,hamilton,HAM,mercedes,8.0,7.6,0,0,8,4.0
2022,7,Monaco Grand Prix,2022-05-29,monaco,kevin_magnussen,MAG,haas,13.0,13.0,0,0,20,0.0
2022,7,Monaco Grand Prix,2022-05-29,monaco,latifi,LAT,williams,19.0,16.0,0,0,15,0.0
2022,7,Monaco Grand Prix,2022-05-29,monaco,leclerc,LEC,ferrari,1.0,6.2,0,0,4,12.0
2022,7,Monaco Grand Prix,2022-05-29,monaco,max_verstappen,VER,red_bull,4.0,4.4,0,1,3,15.0
2022,7,Monaco Grand Prix,2022-05-29,monaco,mick_schumacher,MSC,haas,15.0,15.8,0,0,19,0.0
2022,7,Monaco Grand Prix,2022-05-29,monaco,norris,NOR,mclaren,5.0,8.4,0,0,6,9.0
2022,7,Monaco Grand Prix,2022-05-29,monaco,ocon,OCO,alpine,10.0,8.4,0,0,12,0.0
2022,7,Monaco Grand Prix,2022-05-29,monaco,perez,PER,red_bull,3.0,2.8,1,1,1,25.0
2022,7,Monaco Grand Prix,2022-05-29,monaco,ricciardo,RIC,mclaren,14.0,13.2,0,0,13,0.0
2022,7,Monaco Grand Prix,2022-05-29,monaco,russell,RUS,mercedes,6.0,4.0,0,0,5,10.0
2022,7,Monaco Grand Prix,2022-05-29,monaco,sainz,SAI,ferrari,2.0,10.0,0,1,2,18.0
2022,7,Monaco Grand Prix,2022-05-29,monaco,stroll,STR,aston_martin,18.0,12.0,0,0,14,0.0
2022,7,Monaco Grand Prix,2022-05-29,monaco,tsunoda,TSU,alphatauri,11.0,12.6,0,0,17,0.0
2022,7,Monaco Grand Prix,2022-05-29,monaco,vettel,VET,aston_martin,9.0,13.2,0,0,10,1.0
2022,7,Monaco Grand Prix,2022-05-29,monaco,zhou,ZHO,alfa,20.0,15.2,0,0,16,0.0
2022,8,Azerbaijan Grand Prix,2022-06-12,baku,albon,ALB,williams,17.0,13.2,0,0,12,0.0
2022,8,Azerbaijan Grand Prix,2022-06-12,baku,alonso,ALO,alpine,10.0,12.6,0,0,7,6.0
2022,8,Azerbaijan Grand Prix,2022-06-12,baku,bottas,BOT,alfa,15.0,7.0,0,0,11,0.0
2022,8,Azerbaijan Grand Prix,2022-06-12,baku,gasly,GAS,alphatauri,6.0,12.6,0,0,5,10.0
2022,8,Azerbaijan Grand Prix,2022-06-12,baku,hamilton,HAM,mercedes,7.0,7.2,0,0,4,12.0
2022,8,Azerbaijan Grand Prix,2022-06-12,baku,kevin_magnussen,MAG,haas,16.0,15.2,0,0,17,0.0
2022,8,Azerbaijan Grand Prix,2022-06-12,baku,latifi,LAT,williams,18.0,15.4,0,0,15,0.0
2022,8,Azerbaijan Grand Prix,2022-06-12,baku,leclerc,LEC,ferrari,1.0,6.6,0,0,19,0.0
2022,8,Azerbaijan Grand Prix,2022-06-12,baku,max_verstappen,VER,red_bull,3.0,4.8,1,1,1,25.0
2022,8,Azerbaijan Grand Prix,2022-06-12,baku,mick_schumacher,MSC,haas,20.0,15.6,0,0,14,0.0
2022,8,Azerbaijan Grand Prix,2022-06-12,baku,norris,NOR,mclaren,11.0,8.2,0,0,9,2.0
2022,8,Azerbaijan Grand Prix,2022-06-12,baku,ocon,OCO,alpine,13.0,9.6,0,0,10,1.0
2022,8,Azerbaijan Grand Prix,2022-06-12,baku,perez,PER,red_bull,2.0,2.2,0,1,2,19.0
2022,8,Azerbaijan Grand Prix,2022-06-12,baku,ricciardo,RIC,mclaren,12.0,12.4,0,0,8,4.0
2022,8,Azerbaijan Grand Prix,2022-06-12,baku,russell,RUS,mercedes,5.0,4.0,0,1,3,15.0
2022,8,Azerbaijan Grand Prix,2022-06-12,baku,sainz,SAI,ferrari,4.0,9.8,0,0,20,0.0
2022,8,Azerbaijan Grand Prix,2022-06-12,baku,stroll,STR,aston_martin,19.0,12.2,0,0,16,0.0
2022,8,Azerbaijan Grand Prix,2022-06-12,baku,tsunoda,TSU,alphatauri,8.0,12.2,0,0,13,0.0
2022,8,Azerbaijan Grand Prix,2022-06-12,baku,vettel,VET,aston_martin,9.0,13.0,0,0,6,8.0
2022,8,Azerbaijan Grand Prix,2022-06-12,baku,zhou,ZHO,alfa,14.0,16.2,0,0,18,0.0
2022,9,Canadian Grand Prix,2022-06-19,villeneuve,albon,ALB,williams,12.0,13.6,0,0,13,0.0
2022,9,Canadian Grand Prix,2022-06-19,villeneuve,alonso,ALO,alpine,2.0,10.6,0,0,9,2.0
2022,9,Canadian Grand Prix,2022-06-19,villeneuve,bottas,BOT,alfa,11.0,7.6,0,0,7,6.0
2022,9,Canadian Grand Prix,2022-06-19,villeneuve,gasly,GAS,alphatauri,16.0,11.8,0,0,14,0.0
2022,9,Canadian Grand Prix,2022-06-19,villeneuve,hamilton,HAM,mercedes,4.0,7.2,0,1,3,15.0
2022,9,Canadian Grand Prix,2022-06-19,villeneuve,kevin_magnussen,MAG,haas,5.0,15.8,0,0,17,0.0
2022,9,Canadian Grand Prix,2022-06-19,villeneuve,latifi,LAT,williams,19.0,15.2,0,0,16,0.0
2022,9,Canadian Grand Prix,2022-06-19,villeneuve,leclerc,LEC,ferrari,15.0,10.2,0,0,5,10.0
2022,9,Canadian Grand Prix,2022-06-19,villeneuve,max_verstappen,VER,red_bull,1.0,1.4,1,1,1,25.0
2022,9,Canadian Grand Prix,2022-06-19,villeneuve,mick_schumacher,MSC,haas,6.0,15.8,0,0,19,0.0
2022,9,Canadian Grand Prix,2022-06-19,villeneuve,norris,NOR,mclaren,14.0,9.0,0,0,15,0.0
2022,9,Canadian Grand Prix,2022-06-19,villeneuve,ocon,OCO,alpine,7.0,10.2,0,0,6,8.0
2022,9,Canadian Grand Prix,2022-06-19,villeneuve,perez,PER,red_bull,13.0,2.2,0,0,20,0.0
2022,9,Canadian Grand Prix,2022-06-19,villeneuve,ricciardo,RIC,mclaren,9.0,12.8,0,0,11,0.0
2022,9,Canadian Grand Prix,2022-06-19,villeneuve,russell,RUS,mercedes,8.0,4.0,0,0,4,12.0
2022,9,Canadian Grand Prix,2022-06-19,villeneuve,sainz,SAI,ferrari,3.0,9.8,0,1,2,19.0
2022,9,Canadian Grand Prix,2022-06-19,villeneuve,stroll,STR,aston_martin,18.0,13.0,0,0,10,1.0
2022,9,Canadian Grand Prix,2022-06-19,villeneuve,tsunoda,TSU,alphatauri,20.0,11.8,0,0,18,0.0
2022,9,Canadian Grand Prix,2022-06-19,villeneuve,vettel,VET,aston_martin,17.0,10.4,0,0,12,0.0
2022,9,Canadian Grand Prix,2022-06-19,villeneuve,zhou,ZHO,alfa,10.0,17.6,0,0,8,4.0
2022,10,British Grand Prix,2022-07-03,silverstone,albon,ALB,williams,16.0,14.0,0,0,20,0.0
2022,10,British Grand Prix,2022-07-03,silverstone,alonso,ALO,alpine,7.0,8.6,0,0,5,10.0
2022,10,British Grand Prix,2022-07-03,silverstone,bottas,BOT,alfa,12.0,8.0,0,0,17,0.0
2022,10,British Grand Prix,2022-07-03,silverstone,gasly,GAS,alphatauri,11.0,12.2,0,0,16,0.0
2022,10,British Grand Prix,2022-07-03,silverstone,hamilton,HAM,mercedes,5.0,5.2,0,1,3,16.0
2022,10,British Grand Prix,2022-07-03,silverstone,kevin_magnussen,MAG,haas,17.0,17.4,0,0,10,1.0
2022,10,British Grand Prix,2022-07-03,silverstone,latifi,LAT,williams,10.0,15.2,0,0,12,0.0
2022,10,British Grand Prix,2022-07-03,silverstone,leclerc,LEC,ferrari,3.0,10.0,0,0,4,12.0
2022,10,British Grand Prix,2022-07-03,silverstone,max_verstappen,VER,red_bull,2.0,1.4,0,0,7,6.0
2022,10,British Grand Prix,2022-07-03,silverstone,mick_schumacher,MSC,haas,19.0,16.2,0,0,8,4.0
2022,10,British Grand Prix,2022-07-03,silverstone,norris,NOR,mclaren,6.0,11.4,0,0,6,8.0
2022,10,British Grand Prix,2022-07-03,silverstone,ocon,OCO,alpine,15.0,8.6,0,0,15,0.0
2022,10,British Grand Prix,2022-07-03,silverstone,perez,PER,red_bull,4.0,5.8,0,1,2,18.0
2022,10,British Grand Prix,2022-07-03,silverstone,ricciardo,RIC,mclaren,14.0,11.4,0,0,13,0.0
2022,10,British Grand Prix,2022-07-03,silverstone,russell,RUS,mercedes,8.0,4.0,0,0,18,0.0
2022,10,British Grand Prix,2022-07-03,silverstone,sainz,SAI,ferrari,1.0,6.2,1,1,1,25.0
2022,10,British Grand Prix,2022-07-03,silverstone,stroll,STR,aston_martin,20.0,13.0,0,0,11,0.0
2022,10,British Grand Prix,2022-07-03,silverstone,tsunoda,TSU,alphatauri,13.0,14.0,0,0,14,0.0
2022,10,British Grand Prix,2022-07-03,silverstone,vettel,VET,aston_martin,18.0,11.2,0,0,9,2.0
2022,10,British Grand Prix,2022-07-03,silverstone,zhou,ZHO,alfa,9.0,16.2,0,0,19,0.0
2022,11,Austrian Grand Prix,2022-07-10,red_bull_ring,albon,ALB,williams,11.0,16.2,0,0,12,0.0
2022,11,Austrian Grand Prix,2022-07-10,red_bull_ring,alonso,ALO,alpine,8.0,7.4,0,0,10,1.0
2022,11,Austrian Grand Prix,2022-07-10,red_bull_ring,bottas,BOT,alfa,12.0,10.0,0,0,11,0.0
2022,11,Austrian Grand Prix,2022-07-10,red_bull_ring,gasly,GAS,alphatauri,10.0,11.8,0,0,15,0.0
2022,11,Austrian Grand Prix,2022-07-10,red_bull_ring,hamilton,HAM,mercedes,9.0,4.6,0,1,3,15.0
2022,11,Austrian Grand Prix,2022-07-10,red_bull_ring,kevin_magnussen,MAG,haas,6.0,16.2,0,0,8,4.0
2022,11,Austrian Grand Prix,2022-07-10,red_bull_ring,latifi,LAT,williams,19.0,14.8,0,0,19,0.0
2022,11,Austrian Grand Prix,2022-07-10,red_bull_ring,leclerc,LEC,ferrari,2.0,10.4,1,1,1,25.0
2022,11,Austrian Grand Prix,2022-07-10,red_bull_ring,max_verstappen,VER,red_bull,1.0,2.6,0,1,2,19.0
2022,11,Austrian Grand Prix,2022-07-10,red_bull_ring,mick_schumacher,MSC,haas,7.0,14.8,0,0,6,8.0
2022,11,Austrian Grand Prix,2022-07-10,red_bull_ring,norris,NOR,mclaren,15.0,8.8,0,0,7,6.0
2022,11,Austrian Grand Prix,2022-07-10,red_bull_ring,ocon,OCO,alpine,5.0,10.0,0,0,5,10.0
2022,11,Austrian Grand Prix,2022-07-10,red_bull_ring,perez,PER,red_bull,13.0,5.4,0,0,20,0.0
2022,11,Austrian Grand Prix,2022-07-10,red_bull_ring,ricciardo,RIC,mclaren,16.0,11.4,0,0,9,2.0
2022,11,Austrian Grand Prix,2022-07-10,red_bull_ring,russell,RUS,mercedes,4.0,6.6,0,0,4,12.0
2022,11,Austrian Grand Prix,2022-07-10,red_bull_ring,sainz,SAI,ferrari,3.0,5.8,0,0,18,0.0
2022,11,Austrian Grand Prix,2022-07-10,red_bull_ring,stroll,STR,aston_martin,17.0,13.2,0,0,13,0.0
2022,11,Austrian Grand Prix,2022-07-10,red_bull_ring,tsunoda,TSU,alphatauri,14.0,14.4,0,0,16,0.0
2022,11,Austrian Grand Prix,2022-07-10,red_bull_ring,vettel,VET,aston_martin,20.0,9.6,0,0,17,0.0
2022,11,Austrian Grand Prix,2022-07-10,red_bull_ring,zhou,ZHO,alfa,18.0,16.0,0,0,14,0.0
2022,12,French Grand Prix,2022-07-24,ricard,albon,ALB,williams,15.0,15.0,0,0,13,0.0
2022,12,French Grand Prix,2022-07-24,ricard,alonso,ALO,alpine,7.0,7.6,0,0,6,8.0
2022,12,French Grand Prix,2022-07-24,ricard,bottas,BOT,alfa,13.0,11.0,0,0,14,0.0
2022,12,French Grand Prix,2022-07-24,ricard,gasly,GAS,alphatauri,16.0,12.2,0,0,12,0.0
2022,12,French Grand Prix,2022-07-24,ricard,hamilton,HAM,mercedes,4.0,4.2,0,1,2,18.0
2022,12,French Grand Prix,2022-07-24,ricard,kevin_magnussen,MAG,haas,10.0,14.4,0,0,18,0.0
2022,12,French Grand Prix,2022-07-24,ricard,latifi,LAT,williams,20.0,15.4,0,0,17,0.0
2022,12,French Grand Prix,2022-07-24,ricard,leclerc,LEC,ferrari,1.0,6.6,0,0,19,0.0
2022,12,French Grand Prix,2022-07-24,ricard,max_verstappen,VER,red_bull,2.0,2.8,1,1,1,25.0
2022,12,French Grand Prix,2022-07-24,ricard,mick_schumacher,MSC,haas,19.0,13.2,0,0,15,0.0
2022,12,French Grand Prix,2022-07-24,ricard,norris,NOR,mclaren,5.0,8.6,0,0,7,6.0
2022,12,French Grand Prix,2022-07-24,ricard,ocon,OCO,alpine,12.0,9.6,0,0,8,4.0
2022,12,French Grand Prix,2022-07-24,ricard,perez,PER,red_bull,3.0,9.0,0,0,4,12.0
2022,12,French Grand Prix,2022-07-24,ricard,ricciardo,RIC,mclaren,11.0,10.8,0,0,9,2.0
2022,12,French Grand Prix,2022-07-24,ricard,russell,RUS,mercedes,6.0,6.8,0,1,3,15.0
2022,12,French Grand Prix,2022-07-24,ricard,sainz,SAI,ferrari,9.0,8.6,0,0,5,11.0
2022,12,French Grand Prix,2022-07-24,ricard,stroll,STR,aston_martin,17.0,12.8,0,0,10,1.0
2022,12,French Grand Prix,2022-07-24,ricard,tsunoda,TSU,alphatauri,8.0,15.6,0,0,20,0.0
2022,12,French Grand Prix,2022-07-24,ricard,vettel,VET,aston_martin,14.0,10.8,0,0,11,0.0
2022,12,French Grand Prix,2022-07-24,ricard,zhou,ZHO,alfa,18.0,15.0,0,0,16,0.0
2022,13,Hungarian Grand Prix,2022-07-31,hungaroring,albon,ALB,williams,17.0,14.0,0,0,17,0.0
2022,13,Hungarian Grand Prix,2022-07-31,hungaroring,alonso,ALO,alpine,6.0,7.4,0,0,8,4.0
2022,13,Hungarian Grand Prix,2022-07-31,hungaroring,bottas,BOT,alfa,8.0,12.0,0,0,20,0.0
2022,13,Hungarian Grand Prix,2022-07-31,hungaroring,gasly,GAS,alphatauri,19.0,12.4,0,0,12,0.0
2022,13,Hungarian Grand Prix,2022-07-31,hungaroring,hamilton,HAM,mercedes,7.0,3.0,0,1,2,19.0
2022,13,Hungarian Grand Prix,2022-07-31,hungaroring,kevin_magnussen,MAG,haas,13.0,14.0,0,0,16,0.0
2022,13,Hungarian Grand Prix,2022-07-31,hungaroring,latifi,LAT,williams,20.0,15.8,0,0,18,0.0
2022,13,Hungarian Grand Prix,2022-07-31,hungaroring,leclerc,LEC,ferrari,3.0,9.6,0,0,6,8.0
2022,13,Hungarian Grand Prix,2022-07-31,hungaroring,max_verstappen,VER,red_bull,10.0,2.4,1,1,1,25.0
2022,13,Hungarian Grand Prix,2022-07-31,hungaroring,mick_schumacher,MSC,haas,15.0,12.4,0,0,14,0.0
2022,13,Hungarian Grand Prix,2022-07-31,hungaroring,norris,NOR,mclaren,4.0,8.8,0,0,7,6.0
2022,13,Hungarian Grand Prix,2022-07-31,hungaroring,ocon,OCO,alpine,5.0,8.8,0,0,9,2.0
2022,13,Hungarian Grand Prix,2022-07-31,hungaroring,perez,PER,red_bull,11.0,9.6,0,0,5,10.0
2022,13,Hungarian Grand Prix,2022-07-31,hungaroring,ricciardo,RIC,mclaren,9.0,10.0,0,0,15,0.0
2022,13,Hungarian Grand Prix,2022-07-31,hungaroring,russell,RUS,mercedes,1.0,6.4,0,1,3,15.0
2022,13,Hungarian Grand Prix,2022-07-31,hungaroring,sainz,SAI,ferrari,2.0,9.2,0,0,4,12.0
2022,13,Hungarian Grand Prix,2022-07-31,hungaroring,stroll,STR,aston_martin,14.0,12.0,0,0,11,0.0
2022,13,Hungarian Grand Prix,2022-07-31,hungaroring,tsunoda,TSU,alphatauri,16.0,16.2,0,0,19,0.0
2022,13,Hungarian Grand Prix,2022-07-31,hungaroring,vettel,VET,aston_martin,18.0,11.0,0,0,10,1.0
2022,13,Hungarian Grand Prix,2022-07-31,hungaroring,zhou,ZHO,alfa,12.0,15.0,0,0,13,0.0
2022,14,Belgian Grand Prix,2022-08-28,spa,albon,ALB,williams,9.0,15.0,0,0,10,1.0
2022,14,Belgian Grand Prix,2022-08-28,spa,alonso,ALO,alpine,6.0,7.6,0,0,5,10.0
2022,14,Belgian Grand Prix,2022-08-28,spa,bottas,BOT,alfa,20.0,13.8,0,0,19,0.0
2022,14,Belgian Grand Prix,2022-08-28,spa,gasly,GAS,alphatauri,12.0,13.8,0,0,9,2.0
2022,14,Belgian Grand Prix,2022-08-28,spa,hamilton,HAM,mercedes,7.0,2.6,0,0,20,0.0
2022,14,Belgian Grand Prix,2022-08-28,spa,kevin_magnussen,MAG,haas,18.0,13.8,0,0,16,0.0
2022,14,Belgian Grand Prix,2022-08-28,spa,latifi,LAT,williams,17.0,16.4,0,0,18,0.0
2022,14,Belgian Grand Prix,2022-08-28,spa,leclerc,LEC,ferrari,4.0,7.0,0,0,6,8.0
2022,14,Belgian Grand Prix,2022-08-28,spa,max_verstappen,VER,red_bull,1.0,2.4,1,1,1,26.0
2022,14,Belgian Grand Prix,2022-08-28,spa,mick_schumacher,MSC,haas,15.0,12.4,0,0,17,0.0
2022,14,Belgian Grand Prix,2022-08-28,spa,norris,NOR,mclaren,10.0,8.4,0,0,12,0.0
2022,14,Belgian Grand Prix,2022-08-28,spa,ocon,OCO,alpine,5.0,8.6,0,0,7,6.0
2022,14,Belgian Grand Prix,2022-08-28,spa,perez,PER,red_bull,3.0,10.2,0,1,2,18.0
2022,14,Belgian Grand Prix,2022-08-28,spa,ricciardo,RIC,mclaren,11.0,11.4,0,0,15,0.0
2022,14,Belgian Grand Prix,2022-08-28,spa,russell,RUS,mercedes,8.0,6.4,0,0,4,12.0
2022,14,Belgian Grand Prix,2022-08-28,spa,sainz,SAI,ferrari,2.0,6.0,0,1,3,15.0
2022,14,Belgian Grand Prix,2022-08-28,spa,stroll,STR,aston_martin,14.0,11.0,0,0,11,0.0
2022,14,Belgian Grand Prix,2022-08-28,spa,tsunoda,TSU,alphatauri,19.0,17.4,0,0,13,0.0
2022,14,Belgian Grand Prix,2022-08-28,spa,vettel,VET,aston_martin,16.0,11.8,0,0,8,4.0
2022,14,Belgian Grand Prix,2022-08-28,spa,zhou,ZHO,alfa,13.0,14.0,0,0,14,0.0
2022,15,Dutch Grand Prix,2022-09-04,zandvoort,albon,ALB,williams,15.0,14.4,0,0,12,0.0
2022,15,Dutch Grand Prix,2022-09-04,zandvoort,alonso,ALO,alpine,13.0,6.8,0,0,6,8.0
2022,15,Dutch Grand Prix,2022-09-04,zandvoort,bottas,BOT,alfa,16.0,16.2,0,0,19,0.0
2022,15,Dutch Grand Prix,2022-09-04,zandvoort,gasly,GAS,alphatauri,11.0,12.8,0,0,11,0.0
2022,15,Dutch Grand Prix,2022-09-04,zandvoort,hamilton,HAM,mercedes,4.0,6.0,0,0,4,12.0
2022,15,Dutch Grand Prix,2022-09-04,zandvoort,kevin_magnussen,MAG,haas,18.0,13.6,0,0,15,0.0
2022,15,Dutch Grand Prix,2022-09-04,zandvoort,latifi,LAT,williams,20.0,16.8,0,0,18,0.0
2022,15,Dutch Grand Prix,2022-09-04,zandvoort,leclerc,LEC,ferrari,2.0,7.2,0,1,3,15.0
2022,15,Dutch Grand Prix,2022-09-04,zandvoort,max_verstappen,VER,red_bull,1.0,2.4,1,1,1,26.0
2022,15,Dutch Grand Prix,2022-09-04,zandvoort,mick_schumacher,MSC,haas,8.0,12.0,0,0,13,0.0
2022,15,Dutch Grand Prix,2022-09-04,zandvoort,norris,NOR,mclaren,7.0,7.8,0,0,7,6.0
2022,15,Dutch Grand Prix,2022-09-04,zandvoort,ocon,OCO,alpine,12.0,8.8,0,0,9,2.0
2022,15,Dutch Grand Prix,2022-09-04,zandvoort,perez,PER,red_bull,5.0,6.6,0,0,5,10.0
2022,15,Dutch Grand Prix,2022-09-04,zandvoort,ricciardo,RIC,mclaren,17.0,12.2,0,0,17,0.0
2022,15,Dutch Grand Prix,2022-09-04,zandvoort,russell,RUS,mercedes,6.0,6.4,0,1,2,18.0
2022,15,Dutch Grand Prix,2022-09-04,zandvoort,sainz,SAI,ferrari,3.0,6.2,0,0,8,4.0
2022,15,Dutch Grand Prix,2022-09-04,zandvoort,stroll,STR,aston_martin,10.0,11.2,0,0,10,1.0
2022,15,Dutch Grand Prix,2022-09-04,zandvoort,tsunoda,TSU,alphatauri,9.0,16.4,0,0,20,0.0
2022,15,Dutch Grand Prix,2022-09-04,zandvoort,vettel,VET,aston_martin,19.0,11.0,0,0,14,0.0
2022,15,Dutch Grand Prix,2022-09-04,zandvoort,zhou,ZHO,alfa,14.0,15.2,0,0,16,0.0
2022,16,Italian Grand Prix,2022-09-11,monza,alonso,ALO,alpine,10.0,7.0,0,0,19,0.0
2022,16,Italian Grand Prix,2022-09-11,monza,bottas,BOT,alfa,12.0,16.6,0,0,13,0.0
2022,16,Italian Grand Prix,2022-09-11,monza,de_vries,DEV,williams,13.0,10.491659350307287,0,0,9,2.0
2022,16,Italian Grand Prix,2022-09-11,monza,gasly,GAS,alphatauri,9.0,11.8,0,0,8,4.0
2022,16,Italian Grand Prix,2022-09-11,monza,hamilton,HAM,mercedes,5.0,6.2,0,0,5,10.0
2022,16,Italian Grand Prix,2022-09-11,monza,kevin_magnussen,MAG,haas,19.0,14.6,0,0,16,0.0
2022,16,Italian Grand Prix,2022-09-11,monza,latifi,LAT,williams,16.0,18.0,0,0,15,0.0
2022,16,Italian Grand Prix,2022-09-11,monza,leclerc,LEC,ferrari,1.0,7.0,0,1,2,18.0
2022,16,Italian Grand Prix,2022-09-11,monza,max_verstappen,VER,red_bull,2.0,1.2,1,1,1,25.0
2022,16,Italian Grand Prix,2022-09-11,monza,mick_schumacher,MSC,haas,20.0,13.0,0,0,12,0.0
2022,16,Italian Grand Prix,2022-09-11,monza,norris,NOR,mclaren,7.0,8.0,0,0,7,6.0
2022,16,Italian Grand Prix,2022-09-11,monza,ocon,OCO,alpine,11.0,7.6,0,0,11,0.0
2022,16,Italian Grand Prix,2022-09-11,monza,perez,PER,red_bull,4.0,7.2,0,0,6,9.0
2022,16,Italian Grand Prix,2022-09-11,monza,ricciardo,RIC,mclaren,8.0,13.0,0,0,17,0.0
2022,16,Italian Grand Prix,2022-09-11,monza,russell,RUS,mercedes,6.0,3.2,0,1,3,15.0
2022,16,Italian Grand Prix,2022-09-11,monza,sainz,SAI,ferrari,3.0,7.6,0,0,4,12.0
2022,16,Italian Grand Prix,2022-09-11,monza,stroll,STR,aston_martin,18.0,11.0,0,0,18,0.0
2022,16,Italian Grand Prix,2022-09-11,monza,tsunoda,TSU,alphatauri,15.0,17.6,0,0,14,0.0
2022,16,Italian Grand Prix,2022-09-11,monza,vettel,VET,aston_martin,17.0,12.0,0,0,20,0.0
2022,16,Italian Grand Prix,2022-09-11,monza,zhou,ZHO,alfa,14.0,14.6,0,0,10,1.0
2022,17,Singapore Grand Prix,2022-10-02,marina_bay,albon,ALB,williams,19.0,12.8,0,0,17,0.0
2022,17,Singapore Grand Prix,2022-10-02,marina_bay,alonso,ALO,alpine,5.0,8.8,0,0,18,0.0
2022,17,Singapore Grand Prix,2022-10-02,marina_bay,bottas,BOT,alfa,16.0,17.0,0,0,11,0.0
2022,17,Singapore Grand Prix,2022-10-02,marina_bay,gasly,GAS,alphatauri,7.0,10.4,0,0,10,1.0
2022,17,Singapore Grand Prix,2022-10-02,marina_bay,hamilton,HAM,mercedes,3.0,6.6,0,0,9,2.0
2022,17,Singapore Grand Prix,2022-10-02,marina_bay,kevin_magnussen,MAG,haas,9.0,16.2,0,0,12,0.0
2022,17,Singapore Grand Prix,2022-10-02,marina_bay,latifi,LAT,williams,20.0,17.2,0,0,19,0.0
2022,17,Singapore Grand Prix,2022-10-02,marina_bay,leclerc,LEC,ferrari,1.0,7.2,0,1,2,18.0
2022,17,Singapore Grand Prix,2022-10-02,marina_bay,max_verstappen,VER,red_bull,8.0,1.0,0,0,7,6.0
2022,17,Singapore Grand Prix,2022-10-02,marina_bay,mick_schumacher,MSC,haas,13.0,14.2,0,0,13,0.0
2022,17,Singapore Grand Prix,2022-10-02,marina_bay,norris,NOR,mclaren,6.0,8.0,0,0,4,12.0
2022,17,Singapore Grand Prix,2022-10-02,marina_bay,ocon,OCO,alpine,18.0,8.8,0,0,16,0.0
2022,17,Singapore Grand Prix,2022-10-02,marina_bay,perez,PER,red_bull,2.0,4.4,1,1,1,25.0
2022,17,Singapore Grand Prix,2022-10-02,marina_bay,ricciardo,RIC,mclaren,17.0,14.6,0,0,5,10.0
2022,17,Singapore Grand Prix,2022-10-02,marina_bay,russell,RUS,mercedes,11.0,3.0,0,0,14,0.0
2022,17,Singapore Grand Prix,2022-10-02,marina_bay,sainz,SAI,ferrari,4.0,4.8,0,1,3,15.0
2022,17,Singapore Grand Prix,2022-10-02,marina_bay,stroll,STR,aston_martin,12.0,12.0,0,0,6,8.0
2022,17,Singapore Grand Prix,2022-10-02,marina_bay,tsunoda,TSU,alphatauri,10.0,17.2,0,0,15,0.0
2022,17,Singapore Grand Prix,2022-10-02,marina_bay,vettel,VET,aston_martin,14.0,12.6,0,0,8,4.0
2022,17,Singapore Grand Prix,2022-10-02,marina_bay,zhou,ZHO,alfa,15.0,13.8,0,0,20,0.0
2022,18,Japanese Grand Prix,2022-10-09,suzuka,albon,ALB,williams,16.0,13.8,0,0,20,0.0
2022,18,Japanese Grand Prix,2022-10-09,suzuka,alonso,ALO,alpine,7.0,11.2,0,0,7,6.0
2022,18,Japanese Grand Prix,2022-10-09,suzuka,bottas,BOT,alfa,12.0,16.4,0,0,15,0.0
2022,18,Japanese Grand Prix,2022-10-09,suzuka,gasly,GAS,alphatauri,17.0,10.0,0,0,18,0.0
2022,18,Japanese Grand Prix,2022-10-09,suzuka,hamilton,HAM,mercedes,6.0,8.0,0,0,5,10.0
2022,18,Japanese Grand Prix,2022-10-09,suzuka,kevin_magnussen,MAG,haas,18.0,15.0,0,0,14,0.0
2022,18,Japanese Grand Prix,2022-10-09,suzuka,latifi,LAT,williams,20.0,17.6,0,0,9,2.0
2022,18,Japanese Grand Prix,2022-10-09,suzuka,leclerc,LEC,ferrari,2.0,3.8,0,1,3,15.0
2022,18,Japanese Grand Prix,2022-10-09,suzuka,max_verstappen,VER,red_bull,1.0,2.2,1,1,1,25.0
2022,18,Japanese Grand Prix,2022-10-09,suzuka,mick_schumacher,MSC,haas,15.0,13.8,0,0,17,0.0
2022,18,Japanese Grand Prix,2022-10-09,suzuka,norris,NOR,mclaren,10.0,7.4,0,0,10,1.0
2022,18,Japanese Grand Prix,2022-10-09,suzuka,ocon,OCO,alpine,5.0,10.4,0,0,4,12.0
2022,18,Japanese Grand Prix,2022-10-09,suzuka,perez,PER,red_bull,4.0,3.8,0,1,2,18.0
2022,18,Japanese Grand Prix,2022-10-09,suzuka,ricciardo,RIC,mclaren,11.0,13.8,0,0,11,0.0
2022,18,Japanese Grand Prix,2022-10-09,suzuka,russell,RUS,mercedes,8.0,5.2,0,0,8,4.0
2022,18,Japanese Grand Prix,2022-10-09,suzuka,sainz,SAI,ferrari,3.0,4.4,0,0,19,0.0
2022,18,Japanese Grand Prix,2022-10-09,suzuka,stroll,STR,aston_martin,19.0,11.2,0,0,12,0.0
2022,18,Japanese Grand Prix,2022-10-09,suzuka,tsunoda,TSU,alphatauri,13.0,16.2,0,0,13,0.0
2022,18,Japanese Grand Prix,2022-10-09,suzuka,vettel,VET,aston_martin,9.0,12.0,0,0,6,8.0
2022,18,Japanese Grand Prix,2022-10-09,suzuka,zhou,ZHO,alfa,14.0,14.6,0,0,16,0.0
2022,19,United States Grand Prix,2022-10-23,americas,albon,ALB,williams,11.0,15.2,0,0,13,0.0
2022,19,United States Grand Prix,2022-10-23,americas,alonso,ALO,alpine,9.0,11.0,0,0,7,6.0
2022,19,United States Grand Prix,2022-10-23,americas,bottas,BOT,alfa,10.0,15.4,0,0,19,0.0
2022,19,United States Grand Prix,2022-10-23,americas,gasly,GAS,alphatauri,13.0,11.2,0,0,14,0.0
2022,19,United States Grand Prix,2022-10-23,americas,hamilton,HAM,mercedes,5.0,8.6,0,1,2,18.0
2022,19,United States Grand Prix,2022-10-23,americas,kevin_magnussen,MAG,haas,16.0,14.6,0,0,9,2.0
2022,19,United States Grand Prix,2022-10-23,americas,latifi,LAT,williams,20.0,15.8,0,0,17,0.0
2022,19,United States Grand Prix,2022-10-23,americas,leclerc,LEC,ferrari,2.0,3.2,0,1,3,15.0
2022,19,United States Grand Prix,2022-10-23,americas,max_verstappen,VER,red_bull,3.0,2.2,1,1,1,25.0
2022,19,United States Grand Prix,2022-10-23,americas,mick_schumacher,MSC,haas,19.0,14.4,0,0,15,0.0
2022,19,United States Grand Prix,2022-10-23,americas,norris,NOR,mclaren,8.0,8.0,0,0,6,8.0
2022,19,United States Grand Prix,2022-10-23,americas,ocon,OCO,alpine,18.0,9.4,0,0,11,0.0
2022,19,United States Grand Prix,2022-10-23,americas,perez,PER,red_bull,4.0,3.2,0,0,4,12.0
2022,19,United States Grand Prix,2022-10-23,americas,ricciardo,RIC,mclaren,17.0,13.0,0,0,16,0.0
2022,19,United States Grand Prix,2022-10-23,americas,russell,RUS,mercedes,6.0,6.2,0,0,5,11.0
2022,19,United States Grand Prix,2022-10-23,americas,sainz,SAI,ferrari,1.0,7.4,0,0,20,0.0
2022,19,United States Grand Prix,2022-10-23,americas,stroll,STR,aston_martin,7.0,11.4,0,0,18,0.0
2022,19,United States Grand Prix,2022-10-23,americas,tsunoda,TSU,alphatauri,15.0,15.0,0,0,10,1.0
2022,19,United States Grand Prix,2022-10-23,americas,vettel,VET,aston_martin,12.0,11.2,0,0,8,4.0
2022,19,United States Grand Prix,2022-10-23,americas,zhou,ZHO,alfa,14.0,15.2,0,0,12,0.0
2022,20,Mexico City Grand Prix,2022-10-30,rodriguez,albon,ALB,williams,19.0,14.4,0,0,12,0.0
2022,20,Mexico City Grand Prix,2022-10-30,rodriguez,alonso,ALO,alpine,9.0,11.4,0,0,19,0.0
2022,20,Mexico City Grand Prix,2022-10-30,rodriguez,bottas,BOT,alfa,6.0,15.4,0,0,10,1.0
2022,20,Mexico City Grand Prix,2022-10-30,rodriguez,gasly,GAS,alphatauri,14.0,12.2,0,0,11,0.0
2022,20,Mexico City Grand Prix,2022-10-30,rodriguez,hamilton,HAM,mercedes,3.0,5.0,0,1,2,18.0
2022,20,Mexico City Grand Prix,2022-10-30,rodriguez,kevin_magnussen,MAG,haas,15.0,13.2,0,0,17,0.0
2022,20,Mexico City Grand Prix,2022-10-30,rodriguez,latifi,LAT,williams,20.0,15.6,0,0,18,0.0
2022,20,Mexico City Grand Prix,2022-10-30,rodriguez,leclerc,LEC,ferrari,7.0,2.6,0,0,6,8.0
2022,20,Mexico City Grand Prix,2022-10-30,rodriguez,max_verstappen,VER,red_bull,1.0,2.2,1,1,1,25.0
2022,20,Mexico City Grand Prix,2022-10-30,rodriguez,mick_schumacher,MSC,haas,16.0,14.0,0,0,16,0.0
2022,20,Mexico City Grand Prix,2022-10-30,rodriguez,norris,NOR,mclaren,8.0,6.8,0,0,9,2.0
2022,20,Mexico City Grand Prix,2022-10-30,rodriguez,ocon,OCO,alpine,10.0,10.2,0,0,8,4.0
2022,20,Mexico City Grand Prix,2022-10-30,rodriguez,perez,PER,red_bull,4.0,3.6,0,1,3,15.0
2022,20,Mexico City Grand Prix,2022-10-30,rodriguez,ricciardo,RIC,mclaren,11.0,13.2,0,0,7,6.0
2022,20,Mexico City Grand Prix,2022-10-30,rodriguez,russell,RUS,mercedes,2.0,6.4,0,0,4,13.0
2022,20,Mexico City Grand Prix,2022-10-30,rodriguez,sainz,SAI,ferrari,5.0,10.8,0,0,5,10.0
2022,20,Mexico City Grand Prix,2022-10-30,rodriguez,stroll,STR,aston_martin,18.0,12.8,0,0,15,0.0
2022,20,Mexico City Grand Prix,2022-10-30,rodriguez,tsunoda,TSU,alphatauri,13.0,14.4,0,0,20,0.0
2022,20,Mexico City Grand Prix,2022-10-30,rodriguez,vettel,VET,aston_martin,17.0,11.2,0,0,14,0.0
2022,20,Mexico City Grand Prix,2022-10-30,rodriguez,zhou,ZHO,alfa,12.0,14.8,0,0,13,0.0
2022,21,São Paulo Grand Prix,2022-11-13,interlagos,albon,ALB,williams,11.0,14.8,0,0,15,0.0
2022,21,São Paulo Grand Prix,2022-11-13,interlagos,alonso,ALO,alpine,7.0,14.0,0,0,5,10.0
2022,21,São Paulo Grand Prix,2022-11-13,interlagos,bottas,BOT,alfa,18.0,13.6,0,0,9,2.0
2022,21,São Paulo Grand Prix,2022-11-13,interlagos,gasly,GAS,alphatauri,12.0,12.2,0,0,14,0.0
2022,21,São Paulo Grand Prix,2022-11-13,interlagos,hamilton,HAM,mercedes,8.0,4.6,0,1,2,18.0
2022,21,São Paulo Grand Prix,2022-11-13,interlagos,kevin_magnussen,MAG,haas,1.0,13.6,0,0,19,0.0
2022,21,São Paulo Grand Prix,2022-11-13,interlagos,latifi,LAT,williams,16.0,15.6,0,0,16,0.0
2022,21,São Paulo Grand Prix,2022-11-13,interlagos,leclerc,LEC,ferrari,10.0,3.2,0,0,4,12.0
2022,21,São Paulo Grand Prix,2022-11-13,interlagos,max_verstappen,VER,red_bull,2.0,2.2,0,0,6,8.0
2022,21,São Paulo Grand Prix,2022-11-13,interlagos,mick_schumacher,MSC,haas,20.0,14.6,0,0,13,0.0
2022,21,São Paulo Grand Prix,2022-11-13,interlagos,norris,NOR,mclaren,4.0,7.2,0,0,18,0.0
2022,21,São Paulo Grand Prix,2022-11-13,interlagos,ocon,OCO,alpine,6.0,10.0,0,0,8,4.0
2022,21,São Paulo Grand Prix,2022-11-13,interlagos,perez,PER,red_bull,9.0,3.2,0,0,7,6.0
2022,21,São Paulo Grand Prix,2022-11-13,interlagos,ricciardo,RIC,mclaren,14.0,11.2,0,0,20,0.0
2022,21,São Paulo Grand Prix,2022-11-13,interlagos,russell,RUS,mercedes,3.0,6.8,1,1,1,26.0
2022,21,São Paulo Grand Prix,2022-11-13,interlagos,sainz,SAI,ferrari,5.0,10.2,0,1,3,15.0
2022,21,São Paulo Grand Prix,2022-11-13,interlagos,stroll,STR,aston_martin,15.0,13.8,0,0,10,1.0
2022,21,São Paulo Grand Prix,2022-11-13,interlagos,tsunoda,TSU,alphatauri,19.0,14.4,0,0,17,0.0
2022,21,São Paulo Grand Prix,2022-11-13,interlagos,vettel,VET,aston_martin,13.0,11.2,0,0,11,0.0
2022,21,São Paulo Grand Prix,2022-11-13,interlagos,zhou,ZHO,alfa,17.0,14.2,0,0,12,0.0
2022,22,Abu Dhabi Grand Prix,2022-11-20,yas_marina,albon,ALB,williams,19.0,15.4,0,0,13,0.0
2022,22,Abu Dhabi Grand Prix,2022-11-20,yas_marina,alonso,ALO,alpine,11.0,11.2,0,0,20,0.0
2022,22,Abu Dhabi Grand Prix,2022-11-20,yas_marina,bottas,BOT,alfa,18.0,12.8,0,0,15,0.0
2022,22,Abu Dhabi Grand Prix,2022-11-20,yas_marina,gasly,GAS,alphatauri,17.0,13.4,0,0,14,0.0
2022,22,Abu Dhabi Grand Prix,2022-11-20,yas_marina,hamilton,HAM,mercedes,5.0,4.0,0,0,18,0.0
2022,22,Abu Dhabi Grand Prix,2022-11-20,yas_marina,kevin_magnussen,MAG,haas,16.0,14.2,0,0,17,0.0
2022,22,Abu Dhabi Grand Prix,2022-11-20,yas_marina,latifi,LAT,williams,20.0,15.8,0,0,19,0.0
2022,22,Abu Dhabi Grand Prix,2022-11-20,yas_marina,leclerc,LEC,ferrari,3.0,3.6,0,1,2,18.0
2022,22,Abu Dhabi Grand Prix,2022-11-20,yas_marina,max_verstappen,VER,red_bull,1.0,3.2,1,1,1,25.0
2022,22,Abu Dhabi Grand Prix,2022-11-20,yas_marina,mick_schumacher,MSC,haas,13.0,14.8,0,0,16,0.0
2022,22,Abu Dhabi Grand Prix,2022-11-20,yas_marina,norris,NOR,mclaren,7.0,9.4,0,0,6,9.0
2022,22,Abu Dhabi Grand Prix,2022-11-20,yas_marina,ocon,OCO,alpine,8.0,9.4,0,0,7,6.0
2022,22,Abu Dhabi Grand Prix,2022-11-20,yas_marina,perez,PER,red_bull,2.0,3.4,0,1,3,15.0
2022,22,Abu Dhabi Grand Prix,2022-11-20,yas_marina,ricciardo,RIC,mclaren,10.0,11.8,0,0,9,2.0
2022,22,Abu Dhabi Grand Prix,2022-11-20,yas_marina,russell,RUS,mercedes,6.0,6.4,0,0,5,10.0
2022,22,Abu Dhabi Grand Prix,2022-11-20,yas_marina,sainz,SAI,ferrari,4.0,10.0,0,0,4,12.0
2022,22,Abu Dhabi Grand Prix,2022-11-20,yas_marina,stroll,STR,aston_martin,14.0,12.2,0,0,8,4.0
2022,22,Abu Dhabi Grand Prix,2022-11-20,yas_marina,tsunoda,TSU,alphatauri,12.0,15.0,0,0,11,0.0
2022,22,Abu Dhabi Grand Prix,2022-11-20,yas_marina,vettel,VET,aston_martin,9.0,9.4,0,0,10,1.0
2022,22,Abu Dhabi Grand Prix,2022-11-20,yas_marina,zhou,ZHO,alfa,15.0,14.6,0,0,12,0.0
2023,1,Bahrain Grand Prix,2023-03-05,bahrain,albon,ALB,williams,15.0,14.6,0,0,10,1.0
2023,1,Bahrain Grand Prix,2023-03-05,bahrain,alonso,ALO,aston_martin,5.0,11.6,0,1,3,15.0
2023,1,Bahrain Grand Prix,2023-03-05,bahrain,bottas,BOT,alfa,12.0,13.6,0,0,8,4.0
2023,1,Bahrain Grand Prix,2023-03-05,bahrain,de_vries,DEV,alphatauri,19.0,9.0,0,0,14,0.0
2023,1,Bahrain Grand Prix,2023-03-05,bahrain,gasly,GAS,alpine,20.0,14.2,0,0,9,2.0
2023,1,Bahrain Grand Prix,2023-03-05,bahrain,hamilton,HAM,mercedes,7.0,5.8,0,0,5,10.0
2023,1,Bahrain Grand Prix,2023-03-05,bahrain,hulkenberg,HUL,haas,10.0,14.5,0,0,15,0.0
2023,1,Bahrain Grand Prix,2023-03-05,bahrain,kevin_magnussen,MAG,haas,17.0,15.2,0,0,13,0.0
2023,1,Bahrain Grand Prix,2023-03-05,bahrain,leclerc,LEC,ferrari,3.0,3.6,0,0,19,0.0
2023,1,Bahrain Grand Prix,2023-03-05,bahrain,max_verstappen,VER,red_bull,1.0,2.0,1,1,1,25.0
2023,1,Bahrain Grand Prix,2023-03-05,bahrain,norris,NOR,mclaren,11.0,9.8,0,0,17,0.0
2023,1,Bahrain Grand Prix,2023-03-05,bahrain,ocon,OCO,alpine,9.0,7.6,0,0,18,0.0
2023,1,Bahrain Grand Prix,2023-03-05,bahrain,perez,PER,red_bull,2.0,3.8,0,1,2,18.0
2023,1,Bahrain Grand Prix,2023-03-05,bahrain,piastri,PIA,mclaren,18.0,10.491659350307287,0,0,20,0.0
2023,1,Bahrain Grand Prix,2023-03-05,bahrain,russell,RUS,mercedes,6.0,4.6,0,0,7,6.0
2023,1,Bahrain Grand Prix,2023-03-05,bahrain,sainz,SAI,ferrari,4.0,10.2,0,0,4,12.0
2023,1,Bahrain Grand Prix,2023-03-05,bahrain,sargeant,SAR,williams,16.0,10.491659350307287,0,0,12,0.0
2023,1,Bahrain Grand Prix,2023-03-05,bahrain,stroll,STR,aston_martin,8.0,12.6,0,0,6,8.0
2023,1,Bahrain Grand Prix,2023-03-05,bahrain,tsunoda,TSU,alphatauri,14.0,14.2,0,0,11,0.0
2023,1,Bahrain Grand Prix,2023-03-05,bahrain,zhou,ZHO,alfa,13.0,13.0,0,0,16,0.0
2023,2,Saudi Arabian Grand Prix,2023-03-19,jeddah,albon,ALB,williams,17.0,12.6,0,0,19,0.0
2023,2,Saudi Arabian Grand Prix,2023-03-19,jeddah,alonso,ALO,aston_martin,3.0,10.8,0,1,3,15.0
2023,2,Saudi Arabian Grand Prix,2023-03-19,jeddah,bottas,BOT,alfa,14.0,12.2,0,0,18,0.0
2023,2,Saudi Arabian Grand Prix,2023-03-19,jeddah,de_vries,DEV,alphatauri,18.0,11.5,0,0,14,0.0
2023,2,Saudi Arabian Grand Prix,2023-03-19,jeddah,gasly,GAS,alpine,10.0,12.4,0,0,9,2.0
2023,2,Saudi Arabian Grand Prix,2023-03-19,jeddah,hamilton,HAM,mercedes,8.0,5.8,0,0,5,10.0
2023,2,Saudi Arabian Grand Prix,2023-03-19,jeddah,hulkenberg,HUL,haas,11.0,14.666666666666666,0,0,12,0.0
2023,2,Saudi Arabian Grand Prix,2023-03-19,jeddah,kevin_magnussen,MAG,haas,13.0,15.0,0,0,10,1.0
2023,2,Saudi Arabian Grand Prix,2023-03-19,jeddah,leclerc,LEC,ferrari,2.0,6.8,0,0,7,6.0
2023,2,Saudi Arabian Grand Prix,2023-03-19,jeddah,max_verstappen,VER,red_bull,15.0,2.0,0,1,2,19.0
2023,2,Saudi Arabian Grand Prix,2023-03-19,jeddah,norris,NOR,mclaren,19.0,11.2,0,0,17,0.0
2023,2,Saudi Arabian Grand Prix,2023-03-19,jeddah,ocon,OCO,alpine,7.0,10.4,0,0,8,4.0
2023,2,Saudi Arabian Grand Prix,2023-03-19,jeddah,perez,PER,red_bull,1.0,3.8,1,1,1,25.0
2023,2,Saudi Arabian Grand Prix,2023-03-19,jeddah,piastri,PIA,mclaren,9.0,20.0,0,0,15,0.0
2023,2,Saudi Arabian Grand Prix,2023-03-19,jeddah,russell,RUS,mercedes,4.0,4.4,0,0,4,12.0
2023,2,Saudi Arabian Grand Prix,2023-03-19,jeddah,sainz,SAI,ferrari,5.0,7.2,0,0,6,8.0
2023,2,Saudi Arabian Grand Prix,2023-03-19,jeddah,sargeant,SAR,williams,20.0,12.0,0,0,16,0.0
2023,2,Saudi Arabian Grand Prix,2023-03-19,jeddah,stroll,STR,aston_martin,6.0,11.4,0,0,20,0.0
2023,2,Saudi Arabian Grand Prix,2023-03-19,jeddah,tsunoda,TSU,alphatauri,16.0,13.8,0,0,11,0.0
2023,2,Saudi Arabian Grand Prix,2023-03-19,jeddah,zhou,ZHO,alfa,12.0,13.0,0,0,13,0.0
2023,3,Australian Grand Prix,2023-04-02,albert_park,albon,ALB,williams,8.0,13.8,0,0,19,0.0
2023,3,Australian Grand Prix,2023-04-02,albert_park,alonso,ALO,aston_martin,4.0,10.0,0,1,3,15.0
2023,3,Australian Grand Prix,2023-04-02,albert_park,bottas,BOT,alfa,19.0,12.0,0,0,11,0.0
2023,3,Australian Grand Prix,2023-04-02,albert_park,de_vries,DEV,alphatauri,15.0,12.333333333333334,0,0,15,0.0
2023,3,Australian Grand Prix,2023-04-02,albert_park,gasly,GAS,alpine,9.0,11.4,0,0,13,0.0
2023,3,Australian Grand Prix,2023-04-02,albert_park,hamilton,HAM,mercedes,3.0,6.4,0,1,2,18.0
2023,3,Australian Grand Prix,2023-04-02,albert_park,hulkenberg,HUL,haas,10.0,14.0,0,0,7,6.0
2023,3,Australian Grand Prix,2023-04-02,albert_park,kevin_magnussen,MAG,haas,14.0,15.2,0,0,17,0.0
2023,3,Australian Grand Prix,2023-04-02,albert_park,leclerc,LEC,ferrari,7.0,7.6,0,0,20,0.0
2023,3,Australian Grand Prix,2023-04-02,albert_park,max_verstappen,VER,red_bull,1.0,2.2,1,1,1,25.0
2023,3,Australian Grand Prix,2023-04-02,albert_park,norris,NOR,mclaren,13.0,13.4,0,0,6,8.0
2023,3,Australian Grand Prix,2023-04-02,albert_park,ocon,OCO,alpine,11.0,9.8,0,0,14,0.0
2023,3,Australian Grand Prix,2023-04-02,albert_park,perez,PER,red_bull,20.0,3.2,0,0,5,11.0
2023,3,Australian Grand Prix,2023-04-02,albert_park,piastri,PIA,mclaren,16.0,17.5,0,0,8,4.0
2023,3,Australian Grand Prix,2023-04-02,albert_park,russell,RUS,mercedes,2.0,4.2,0,0,18,0.0
2023,3,Australian Grand Prix,2023-04-02,albert_park,sainz,SAI,ferrari,5.0,4.4,0,0,12,0.0
2023,3,Australian Grand Prix,2023-04-02,albert_park,sargeant,SAR,williams,18.0,14.0,0,0,16,0.0
2023,3,Australian Grand Prix,2023-04-02,albert_park,stroll,STR,aston_martin,6.0,11.8,0,0,4,12.0
2023,3,Australian Grand Prix,2023-04-02,albert_park,tsunoda,TSU,alphatauri,12.0,14.0,0,0,10,1.0
2023,3,Australian Grand Prix,2023-04-02,albert_park,zhou,ZHO,alfa,17.0,13.2,0,0,9,2.0
2023,4,Azerbaijan Grand Prix,2023-04-30,baku,albon,ALB,williams,13.0,15.2,0,0,12,0.0
2023,4,Azerbaijan Grand Prix,2023-04-30,baku,alonso,ALO,aston_martin,6.0,6.8,0,0,4,12.0
2023,4,Azerbaijan Grand Prix,2023-04-30,baku,bottas,BOT,alfa,14.0,12.2,0,0,18,0.0
2023,4,Azerbaijan Grand Prix,2023-04-30,baku,de_vries,DEV,alphatauri,20.0,13.0,0,0,20,0.0
2023,4,Azerbaijan Grand Prix,2023-04-30,baku,gasly,GAS,alpine,19.0,11.8,0,0,14,0.0
2023,4,Azerbaijan Grand Prix,2023-04-30,baku,hamilton,HAM,mercedes,5.0,6.4,0,0,6,8.0
2023,4,Azerbaijan Grand Prix,2023-04-30,baku,hulkenberg,HUL,haas,17.0,12.6,0,0,17,0.0
2023,4,Azerbaijan Grand Prix,2023-04-30,baku,kevin_magnussen,MAG,haas,18.0,15.2,0,0,13,0.0
2023,4,Azerbaijan Grand Prix,2023-04-30,baku,leclerc,LEC,ferrari,1.0,10.4,0,1,3,15.0
2023,4,Azerbaijan Grand Prix,2023-04-30,baku,max_verstappen,VER,red_bull,2.0,2.2,0,1,2,18.0
2023,4,Azerbaijan Grand Prix,2023-04-30,baku,norris,NOR,mclaren,7.0,12.8,0,0,9,2.0
2023,4,Azerbaijan Grand Prix,2023-04-30,baku,ocon,OCO,alpine,12.0,11.0,0,0,15,0.0
2023,4,Azerbaijan Grand Prix,2023-04-30,baku,perez,PER,red_bull,3.0,3.6,1,1,1,25.0
2023,4,Azerbaijan Grand Prix,2023-04-30,baku,piastri,PIA,mclaren,10.0,14.333333333333334,0,0,11,0.0
2023,4,Azerbaijan Grand Prix,2023-04-30,baku,russell,RUS,mercedes,11.0,7.0,0,0,8,5.0
2023,4,Azerbaijan Grand Prix,2023-04-30,baku,sainz,SAI,ferrari,4.0,5.8,0,0,5,10.0
2023,4,Azerbaijan Grand Prix,2023-04-30,baku,sargeant,SAR,williams,15.0,14.666666666666666,0,0,16,0.0
2023,4,Azerbaijan Grand Prix,2023-04-30,baku,stroll,STR,aston_martin,9.0,9.6,0,0,7,6.0
2023,4,Azerbaijan Grand Prix,2023-04-30,baku,tsunoda,TSU,alphatauri,8.0,12.0,0,0,10,1.0
2023,4,Azerbaijan Grand Prix,2023-04-30,baku,zhou,ZHO,alfa,16.0,12.4,0,0,19,0.0
2023,5,Miami Grand Prix,2023-05-07,miami,albon,ALB,williams,11.0,14.6,0,0,14,0.0
2023,5,Miami Grand Prix,2023-05-07,miami,alonso,ALO,aston_martin,2.0,6.6,0,1,3,15.0
2023,5,Miami Grand Prix,2023-05-07,miami,bottas,BOT,alfa,10.0,14.0,0,0,13,0.0
2023,5,Miami Grand Prix,2023-05-07,miami,de_vries,DEV,alphatauri,15.0,14.4,0,0,18,0.0
2023,5,Miami Grand Prix,2023-05-07,miami,gasly,GAS,alpine,5.0,11.8,0,0,8,4.0
2023,5,Miami Grand Prix,2023-05-07,miami,hamilton,HAM,mercedes,13.0,7.2,0,0,6,8.0
2023,5,Miami Grand Prix,2023-05-07,miami,hulkenberg,HUL,haas,12.0,12.6,0,0,15,0.0
2023,5,Miami Grand Prix,2023-05-07,miami,kevin_magnussen,MAG,haas,4.0,14.0,0,0,10,1.0
2023,5,Miami Grand Prix,2023-05-07,miami,leclerc,LEC,ferrari,7.0,10.2,0,0,7,6.0
2023,5,Miami Grand Prix,2023-05-07,miami,max_verstappen,VER,red_bull,9.0,1.4,1,1,1,26.0
2023,5,Miami Grand Prix,2023-05-07,miami,norris,NOR,mclaren,16.0,11.0,0,0,17,0.0
2023,5,Miami Grand Prix,2023-05-07,miami,ocon,OCO,alpine,8.0,12.4,0,0,9,2.0
2023,5,Miami Grand Prix,2023-05-07,miami,perez,PER,red_bull,1.0,2.4,0,1,2,18.0
2023,5,Miami Grand Prix,2023-05-07,miami,piastri,PIA,mclaren,19.0,13.5,0,0,19,0.0
2023,5,Miami Grand Prix,2023-05-07,miami,russell,RUS,mercedes,6.0,8.4,0,0,4,12.0
2023,5,Miami Grand Prix,2023-05-07,miami,sainz,SAI,ferrari,3.0,6.2,0,0,5,10.0
2023,5,Miami Grand Prix,2023-05-07,miami,sargeant,SAR,williams,20.0,15.0,0,0,20,0.0
2023,5,Miami Grand Prix,2023-05-07,miami,stroll,STR,aston_martin,18.0,9.0,0,0,12,0.0
2023,5,Miami Grand Prix,2023-05-07,miami,tsunoda,TSU,alphatauri,17.0,10.6,0,0,11,0.0
2023,5,Miami Grand Prix,2023-05-07,miami,zhou,ZHO,alfa,14.0,13.8,0,0,16,0.0
2023,6,Monaco Grand Prix,2023-05-28,monaco,albon,ALB,williams,13.0,14.8,0,0,14,0.0
2023,6,Monaco Grand Prix,2023-05-28,monaco,alonso,ALO,aston_martin,2.0,3.2,0,1,2,18.0
2023,6,Monaco Grand Prix,2023-05-28,monaco,bottas,BOT,alfa,15.0,13.6,0,0,11,0.0
2023,6,Monaco Grand Prix,2023-05-28,monaco,de_vries,DEV,alphatauri,12.0,16.2,0,0,12,0.0
2023,6,Monaco Grand Prix,2023-05-28,monaco,gasly,GAS,alpine,7.0,10.6,0,0,7,6.0
2023,6,Monaco Grand Prix,2023-05-28,monaco,hamilton,HAM,mercedes,6.0,4.8,0,0,4,13.0
2023,6,Monaco Grand Prix,2023-05-28,monaco,hulkenberg,HUL,haas,18.0,13.2,0,0,17,0.0
2023,6,Monaco Grand Prix,2023-05-28,monaco,kevin_magnussen,MAG,haas,17.0,12.6,0,0,19,0.0
2023,6,Monaco Grand Prix,2023-05-28,monaco,leclerc,LEC,ferrari,3.0,11.2,0,0,6,8.0
2023,6,Monaco Grand Prix,2023-05-28,monaco,max_verstappen,VER,red_bull,1.0,1.4,1,1,1,25.0
2023,6,Monaco Grand Prix,2023-05-28,monaco,norris,NOR,mclaren,10.0,13.2,0,0,9,2.0
2023,6,Monaco Grand Prix,2023-05-28,monaco,ocon,OCO,alpine,4.0,12.8,0,1,3,15.0
2023,6,Monaco Grand Prix,2023-05-28,monaco,perez,PER,red_bull,20.0,2.2,0,0,16,0.0
2023,6,Monaco Grand Prix,2023-05-28,monaco,piastri,PIA,mclaren,11.0,14.6,0,0,10,1.0
2023,6,Monaco Grand Prix,2023-05-28,monaco,russell,RUS,mercedes,8.0,8.2,0,0,5,10.0
2023,6,Monaco Grand Prix,2023-05-28,monaco,sainz,SAI,ferrari,5.0,6.4,0,0,8,4.0
2023,6,Monaco Grand Prix,2023-05-28,monaco,sargeant,SAR,williams,16.0,16.0,0,0,18,0.0
2023,6,Monaco Grand Prix,2023-05-28,monaco,stroll,STR,aston_martin,14.0,9.8,0,0,20,0.0
2023,6,Monaco Grand Prix,2023-05-28,monaco,tsunoda,TSU,alphatauri,9.0,10.6,0,0,15,0.0
2023,6,Monaco Grand Prix,2023-05-28,monaco,zhou,ZHO,alfa,19.0,14.6,0,0,13,0.0
2023,7,Spanish Grand Prix,2023-06-04,catalunya,albon,ALB,williams,18.0,15.6,0,0,16,0.0
2023,7,Spanish Grand Prix,2023-06-04,catalunya,alonso,ALO,aston_martin,9.0,3.0,0,0,7,6.0
2023,7,Spanish Grand Prix,2023-06-04,catalunya,bottas,BOT,alfa,16.0,14.2,0,0,19,0.0
2023,7,Spanish Grand Prix,2023-06-04,catalunya,de_vries,DEV,alphatauri,14.0,15.8,0,0,14,0.0
2023,7,Spanish Grand Prix,2023-06-04,catalunya,gasly,GAS,alpine,4.0,10.2,0,0,10,1.0
2023,7,Spanish Grand Prix,2023-06-04,catalunya,hamilton,HAM,mercedes,5.0,4.6,0,1,2,18.0
2023,7,Spanish Grand Prix,2023-06-04,catalunya,hulkenberg,HUL,haas,8.0,13.6,0,0,15,0.0
2023,7,Spanish Grand Prix,2023-06-04,catalunya,kevin_magnussen,MAG,haas,17.0,13.8,0,0,18,0.0
2023,7,Spanish Grand Prix,2023-06-04,catalunya,leclerc,LEC,ferrari,19.0,8.6,0,0,11,0.0
2023,7,Spanish Grand Prix,2023-06-04,catalunya,max_verstappen,VER,red_bull,1.0,1.4,1,1,1,26.0
2023,7,Spanish Grand Prix,2023-06-04,catalunya,norris,NOR,mclaren,3.0,11.6,0,0,17,0.0
2023,7,Spanish Grand Prix,2023-06-04,catalunya,ocon,OCO,alpine,7.0,9.8,0,0,8,4.0
2023,7,Spanish Grand Prix,2023-06-04,catalunya,perez,PER,red_bull,11.0,5.0,0,0,4,12.0
2023,7,Spanish Grand Prix,2023-06-04,catalunya,piastri,PIA,mclaren,10.0,12.6,0,0,13,0.0
2023,7,Spanish Grand Prix,2023-06-04,catalunya,russell,RUS,mercedes,12.0,7.8,0,1,3,15.0
2023,7,Spanish Grand Prix,2023-06-04,catalunya,sainz,SAI,ferrari,2.0,7.2,0,0,5,10.0
2023,7,Spanish Grand Prix,2023-06-04,catalunya,sargeant,SAR,williams,20.0,17.2,0,0,20,0.0
2023,7,Spanish Grand Prix,2023-06-04,catalunya,stroll,STR,aston_martin,6.0,12.6,0,0,6,8.0
2023,7,Spanish Grand Prix,2023-06-04,catalunya,tsunoda,TSU,alphatauri,15.0,11.4,0,0,12,0.0
2023,7,Spanish Grand Prix,2023-06-04,catalunya,zhou,ZHO,alfa,13.0,14.0,0,0,9,2.0
2023,8,Canadian Grand Prix,2023-06-18,villeneuve,albon,ALB,williams,10.0,15.0,0,0,7,6.0
2023,8,Canadian Grand Prix,2023-06-18,villeneuve,alonso,ALO,aston_martin,3.0,3.8,0,1,2,18.0
2023,8,Canadian Grand Prix,2023-06-18,villeneuve,bottas,BOT,alfa,15.0,14.4,0,0,10,1.0
2023,8,Canadian Grand Prix,2023-06-18,villeneuve,de_vries,DEV,alphatauri,18.0,15.8,0,0,18,0.0
2023,8,Canadian Grand Prix,2023-06-18,villeneuve,gasly,GAS,alpine,17.0,10.4,0,0,12,0.0
2023,8,Canadian Grand Prix,2023-06-18,villeneuve,hamilton,HAM,mercedes,4.0,4.0,0,1,3,15.0
2023,8,Canadian Grand Prix,2023-06-18,villeneuve,hulkenberg,HUL,haas,2.0,14.2,0,0,15,0.0
2023,8,Canadian Grand Prix,2023-06-18,villeneuve,kevin_magnussen,MAG,haas,14.0,15.4,0,0,17,0.0
2023,8,Canadian Grand Prix,2023-06-18,villeneuve,leclerc,LEC,ferrari,11.0,9.4,0,0,4,12.0
2023,8,Canadian Grand Prix,2023-06-18,villeneuve,max_verstappen,VER,red_bull,1.0,1.2,1,1,1,25.0
2023,8,Canadian Grand Prix,2023-06-18,villeneuve,norris,NOR,mclaren,7.0,11.6,0,0,13,0.0
2023,8,Canadian Grand Prix,2023-06-18,villeneuve,ocon,OCO,alpine,6.0,9.8,0,0,8,4.0
2023,8,Canadian Grand Prix,2023-06-18,villeneuve,perez,PER,red_bull,12.0,5.6,0,0,6,9.0
2023,8,Canadian Grand Prix,2023-06-18,villeneuve,piastri,PIA,mclaren,9.0,12.2,0,0,11,0.0
2023,8,Canadian Grand Prix,2023-06-18,villeneuve,russell,RUS,mercedes,5.0,7.6,0,0,19,0.0
2023,8,Canadian Grand Prix,2023-06-18,villeneuve,sainz,SAI,ferrari,8.0,7.0,0,0,5,10.0
2023,8,Canadian Grand Prix,2023-06-18,villeneuve,sargeant,SAR,williams,19.0,18.0,0,0,20,0.0
2023,8,Canadian Grand Prix,2023-06-18,villeneuve,stroll,STR,aston_martin,13.0,9.8,0,0,9,2.0
2023,8,Canadian Grand Prix,2023-06-18,villeneuve,tsunoda,TSU,alphatauri,16.0,11.6,0,0,14,0.0
2023,8,Canadian Grand Prix,2023-06-18,villeneuve,zhou,ZHO,alfa,20.0,13.2,0,0,16,0.0
2023,9,Austrian Grand Prix,2023-07-02,red_bull_ring,albon,ALB,williams,10.0,12.6,0,0,11,0.0
2023,9,Austrian Grand Prix,2023-07-02,red_bull_ring,alonso,ALO,aston_martin,7.0,3.6,0,0,5,10.0
2023,9,Austrian Grand Prix,2023-07-02,red_bull_ring,bottas,BOT,alfa,14.0,14.2,0,0,15,0.0
2023,9,Austrian Grand Prix,2023-07-02,red_bull_ring,de_vries,DEV,alphatauri,20.0,16.4,0,0,17,0.0
2023,9,Austrian Grand Prix,2023-07-02,red_bull_ring,gasly,GAS,alpine,9.0,10.2,0,0,10,1.0
2023,9,Austrian Grand Prix,2023-07-02,red_bull_ring,hamilton,HAM,mercedes,5.0,4.2,0,0,8,4.0
2023,9,Austrian Grand Prix,2023-07-02,red_bull_ring,hulkenberg,HUL,haas,8.0,15.8,0,0,20,0.0
2023,9,Austrian Grand Prix,2023-07-02,red_bull_ring,kevin_magnussen,MAG,haas,19.0,15.4,0,0,18,0.0
2023,9,Austrian Grand Prix,2023-07-02,red_bull_ring,leclerc,LEC,ferrari,2.0,6.2,0,1,2,18.0
2023,9,Austrian Grand Prix,2023-07-02,red_bull_ring,max_verstappen,VER,red_bull,1.0,1.2,1,1,1,26.0
2023,9,Austrian Grand Prix,2023-07-02,red_bull_ring,norris,NOR,mclaren,4.0,13.0,0,0,4,12.0
2023,9,Austrian Grand Prix,2023-07-02,red_bull_ring,ocon,OCO,alpine,12.0,8.6,0,0,14,0.0
2023,9,Austrian Grand Prix,2023-07-02,red_bull_ring,perez,PER,red_bull,15.0,5.8,0,1,3,15.0
2023,9,Austrian Grand Prix,2023-07-02,red_bull_ring,piastri,PIA,mclaren,13.0,12.8,0,0,16,0.0
2023,9,Austrian Grand Prix,2023-07-02,red_bull_ring,russell,RUS,mercedes,11.0,7.8,0,0,7,6.0
2023,9,Austrian Grand Prix,2023-07-02,red_bull_ring,sainz,SAI,ferrari,3.0,5.6,0,0,6,8.0
2023,9,Austrian Grand Prix,2023-07-02,red_bull_ring,sargeant,SAR,williams,18.0,18.8,0,0,13,0.0
2023,9,Austrian Grand Prix,2023-07-02,red_bull_ring,stroll,STR,aston_martin,6.0,10.8,0,0,9,2.0
2023,9,Austrian Grand Prix,2023-07-02,red_bull_ring,tsunoda,TSU,alphatauri,16.0,12.4,0,0,19,0.0
2023,9,Austrian Grand Prix,2023-07-02,red_bull_ring,zhou,ZHO,alfa,17.0,14.6,0,0,12,0.0
2023,10,British Grand Prix,2023-07-09,silverstone,albon,ALB,williams,8.0,12.4,0,0,8,4.0
2023,10,British Grand Prix,2023-07-09,silverstone,alonso,ALO,aston_martin,9.0,3.8,0,0,7,6.0
2023,10,British Grand Prix,2023-07-09,silverstone,bottas,BOT,alfa,15.0,13.6,0,0,12,0.0
2023,10,British Grand Prix,2023-07-09,silverstone,de_vries,DEV,alphatauri,18.0,15.8,0,0,17,0.0
2023,10,British Grand Prix,2023-07-09,silverstone,gasly,GAS,alpine,10.0,9.4,0,0,18,0.0
2023,10,British Grand Prix,2023-07-09,silverstone,hamilton,HAM,mercedes,7.0,4.6,0,1,3,15.0
2023,10,British Grand Prix,2023-07-09,silverstone,hulkenberg,HUL,haas,11.0,16.4,0,0,13,0.0
2023,10,British Grand Prix,2023-07-09,silverstone,kevin_magnussen,MAG,haas,19.0,16.4,0,0,19,0.0
2023,10,British Grand Prix,2023-07-09,silverstone,leclerc,LEC,ferrari,4.0,6.0,0,0,9,2.0
2023,10,British Grand Prix,2023-07-09,silverstone,max_verstappen,VER,red_bull,1.0,1.0,1,1,1,26.0
2023,10,British Grand Prix,2023-07-09,silverstone,norris,NOR,mclaren,2.0,12.0,0,1,2,18.0
2023,10,British Grand Prix,2023-07-09,silverstone,ocon,OCO,alpine,13.0,8.4,0,0,20,0.0
2023,10,British Grand Prix,2023-07-09,silverstone,perez,PER,red_bull,15.0,6.2,0,0,6,8.0
2023,10,British Grand Prix,2023-07-09,silverstone,piastri,PIA,mclaren,3.0,13.8,0,0,4,12.0
2023,10,British Grand Prix,2023-07-09,silverstone,russell,RUS,mercedes,6.0,7.6,0,0,5,10.0
2023,10,British Grand Prix,2023-07-09,silverstone,sainz,SAI,ferrari,5.0,5.8,0,0,10,1.0
2023,10,British Grand Prix,2023-07-09,silverstone,sargeant,SAR,williams,14.0,18.2,0,0,11,0.0
2023,10,British Grand Prix,2023-07-09,silverstone,stroll,STR,aston_martin,12.0,11.2,0,0,14,0.0
2023,10,British Grand Prix,2023-07-09,silverstone,tsunoda,TSU,alphatauri,16.0,14.2,0,0,16,0.0
2023,10,British Grand Prix,2023-07-09,silverstone,zhou,ZHO,alfa,17.0,13.2,0,0,15,0.0
2023,11,Hungarian Grand Prix,2023-07-23,hungaroring,albon,ALB,williams,16.0,11.2,0,0,11,0.0
2023,11,Hungarian Grand Prix,2023-07-23,hungaroring,alonso,ALO,aston_martin,8.0,4.6,0,0,9,2.0
2023,11,Hungarian Grand Prix,2023-07-23,hungaroring,bottas,BOT,alfa,7.0,13.4,0,0,12,0.0
2023,11,Hungarian Grand Prix,2023-07-23,hungaroring,gasly,GAS,alpine,15.0,11.4,0,0,20,0.0
2023,11,Hungarian Grand Prix,2023-07-23,hungaroring,hamilton,HAM,mercedes,1.0,4.0,0,0,4,12.0
2023,11,Hungarian Grand Prix,2023-07-23,hungaroring,hulkenberg,HUL,haas,10.0,16.0,0,0,14,0.0
2023,11,Hungarian Grand Prix,2023-07-23,hungaroring,kevin_magnussen,MAG,haas,19.0,18.2,0,0,17,0.0
2023,11,Hungarian Grand Prix,2023-07-23,hungaroring,leclerc,LEC,ferrari,6.0,6.4,0,0,7,6.0
2023,11,Hungarian Grand Prix,2023-07-23,hungaroring,max_verstappen,VER,red_bull,2.0,1.0,1,1,1,26.0
2023,11,Hungarian Grand Prix,2023-07-23,hungaroring,norris,NOR,mclaren,3.0,9.0,0,1,2,18.0
2023,11,Hungarian Grand Prix,2023-07-23,hungaroring,ocon,OCO,alpine,12.0,10.6,0,0,19,0.0
2023,11,Hungarian Grand Prix,2023-07-23,hungaroring,perez,PER,red_bull,9.0,7.0,0,1,3,15.0
2023,11,Hungarian Grand Prix,2023-07-23,hungaroring,piastri,PIA,mclaren,4.0,10.8,0,0,5,10.0
2023,11,Hungarian Grand Prix,2023-07-23,hungaroring,ricciardo,RIC,alphatauri,13.0,12.6,0,0,13,0.0
2023,11,Hungarian Grand Prix,2023-07-23,hungaroring,russell,RUS,mercedes,18.0,7.8,0,0,6,8.0
2023,11,Hungarian Grand Prix,2023-07-23,hungaroring,sainz,SAI,ferrari,11.0,6.8,0,0,8,4.0
2023,11,Hungarian Grand Prix,2023-07-23,hungaroring,sargeant,SAR,williams,20.0,16.4,0,0,18,0.0
2023,11,Hungarian Grand Prix,2023-07-23,hungaroring,stroll,STR,aston_martin,14.0,11.6,0,0,10,1.0
2023,11,Hungarian Grand Prix,2023-07-23,hungaroring,tsunoda,TSU,alphatauri,17.0,15.2,0,0,15,0.0
2023,11,Hungarian Grand Prix,2023-07-23,hungaroring,zhou,ZHO,alfa,5.0,13.0,0,0,16,0.0
2023,12,Belgian Grand Prix,2023-07-30,spa,albon,ALB,williams,16.0,10.6,0,0,14,0.0
2023,12,Belgian Grand Prix,2023-07-30,spa,alonso,ALO,aston_martin,9.0,6.0,0,0,5,10.0
2023,12,Belgian Grand Prix,2023-07-30,spa,bottas,BOT,alfa,14.0,13.6,0,0,12,0.0
2023,12,Belgian Grand Prix,2023-07-30,spa,gasly,GAS,alpine,12.0,14.0,0,0,11,0.0
2023,12,Belgian Grand Prix,2023-07-30,spa,hamilton,HAM,mercedes,4.0,4.0,0,0,4,13.0
2023,12,Belgian Grand Prix,2023-07-30,spa,hulkenberg,HUL,haas,20.0,15.4,0,0,18,0.0
2023,12,Belgian Grand Prix,2023-07-30,spa,kevin_magnussen,MAG,haas,13.0,17.8,0,0,15,0.0
2023,12,Belgian Grand Prix,2023-07-30,spa,leclerc,LEC,ferrari,2.0,6.6,0,1,3,15.0
2023,12,Belgian Grand Prix,2023-07-30,spa,max_verstappen,VER,red_bull,1.0,1.0,1,1,1,25.0
2023,12,Belgian Grand Prix,2023-07-30,spa,norris,NOR,mclaren,7.0,7.6,0,0,7,6.0
2023,12,Belgian Grand Prix,2023-07-30,spa,ocon,OCO,alpine,15.0,13.8,0,0,8,4.0
2023,12,Belgian Grand Prix,2023-07-30,spa,perez,PER,red_bull,3.0,4.4,0,1,2,18.0
2023,12,Belgian Grand Prix,2023-07-30,spa,piastri,PIA,mclaren,6.0,9.8,0,0,20,0.0
2023,12,Belgian Grand Prix,2023-07-30,spa,ricciardo,RIC,alphatauri,19.0,13.0,0,0,16,0.0
2023,12,Belgian Grand Prix,2023-07-30,spa,russell,RUS,mercedes,8.0,8.0,0,0,6,8.0
2023,12,Belgian Grand Prix,2023-07-30,spa,sainz,SAI,ferrari,5.0,6.8,0,0,19,0.0
2023,12,Belgian Grand Prix,2023-07-30,spa,sargeant,SAR,williams,18.0,16.4,0,0,17,0.0
2023,12,Belgian Grand Prix,2023-07-30,spa,stroll,STR,aston_martin,10.0,9.6,0,0,9,2.0
2023,12,Belgian Grand Prix,2023-07-30,spa,tsunoda,TSU,alphatauri,11.0,15.2,0,0,10,1.0
2023,12,Belgian Grand Prix,2023-07-30,spa,zhou,ZHO,alfa,17.0,13.6,0,0,13,0.0
2023,13,Dutch Grand Prix,2023-08-27,zandvoort,albon,ALB,williams,4.0,10.2,0,0,8,4.0
2023,13,Dutch Grand Prix,2023-08-27,zandvoort,alonso,ALO,aston_martin,5.0,5.6,0,1,2,19.0
2023,13,Dutch Grand Prix,2023-08-27,zandvoort,bottas,BOT,alfa,19.0,12.2,0,0,14,0.0
2023,13,Dutch Grand Prix,2023-08-27,zandvoort,gasly,GAS,alpine,12.0,14.2,0,1,3,15.0
2023,13,Dutch Grand Prix,2023-08-27,zandvoort,hamilton,HAM,mercedes,13.0,4.4,0,0,6,8.0
2023,13,Dutch Grand Prix,2023-08-27,zandvoort,hulkenberg,HUL,haas,15.0,16.0,0,0,12,0.0
2023,13,Dutch Grand Prix,2023-08-27,zandvoort,kevin_magnussen,MAG,haas,18.0,17.2,0,0,16,0.0
2023,13,Dutch Grand Prix,2023-08-27,zandvoort,lawson,LAW,alphatauri,20.0,10.491659350307287,0,0,13,0.0
2023,13,Dutch Grand Prix,2023-08-27,zandvoort,leclerc,LEC,ferrari,9.0,5.0,0,0,19,0.0
2023,13,Dutch Grand Prix,2023-08-27,zandvoort,max_verstappen,VER,red_bull,1.0,1.0,1,1,1,25.0
2023,13,Dutch Grand Prix,2023-08-27,zandvoort,norris,NOR,mclaren,2.0,5.6,0,0,7,6.0
2023,13,Dutch Grand Prix,2023-08-27,zandvoort,ocon,OCO,alpine,17.0,13.8,0,0,10,1.0
2023,13,Dutch Grand Prix,2023-08-27,zandvoort,perez,PER,red_bull,7.0,4.0,0,0,4,12.0
2023,13,Dutch Grand Prix,2023-08-27,zandvoort,piastri,PIA,mclaren,8.0,11.2,0,0,9,2.0
2023,13,Dutch Grand Prix,2023-08-27,zandvoort,russell,RUS,mercedes,3.0,8.6,0,0,17,0.0
2023,13,Dutch Grand Prix,2023-08-27,zandvoort,sainz,SAI,ferrari,6.0,9.6,0,0,5,10.0
2023,13,Dutch Grand Prix,2023-08-27,zandvoort,sargeant,SAR,williams,10.0,15.8,0,0,20,0.0
2023,13,Dutch Grand Prix,2023-08-27,zandvoort,stroll,STR,aston_martin,11.0,10.2,0,0,11,0.0
2023,13,Dutch Grand Prix,2023-08-27,zandvoort,tsunoda,TSU,alphatauri,14.0,14.8,0,0,15,0.0
2023,13,Dutch Grand Prix,2023-08-27,zandvoort,zhou,ZHO,alfa,16.0,14.4,0,0,18,0.0
2023,14,Italian Grand Prix,2023-09-03,monza,albon,ALB,williams,6.0,10.4,0,0,7,6.0
2023,14,Italian Grand Prix,2023-09-03,monza,alonso,ALO,aston_martin,10.0,5.6,0,0,9,2.0
2023,14,Italian Grand Prix,2023-09-03,monza,bottas,BOT,alfa,14.0,13.0,0,0,10,1.0
2023,14,Italian Grand Prix,2023-09-03,monza,gasly,GAS,alpine,17.0,12.4,0,0,15,0.0
2023,14,Italian Grand Prix,2023-09-03,monza,hamilton,HAM,mercedes,8.0,5.0,0,0,6,8.0
2023,14,Italian Grand Prix,2023-09-03,monza,hulkenberg,HUL,haas,13.0,15.4,0,0,17,0.0
2023,14,Italian Grand Prix,2023-09-03,monza,kevin_magnussen,MAG,haas,19.0,17.0,0,0,18,0.0
2023,14,Italian Grand Prix,2023-09-03,monza,lawson,LAW,alphatauri,12.0,13.0,0,0,11,0.0
2023,14,Italian Grand Prix,2023-09-03,monza,leclerc,LEC,ferrari,3.0,8.0,0,0,4,12.0
2023,14,Italian Grand Prix,2023-09-03,monza,max_verstappen,VER,red_bull,2.0,1.0,1,1,1,25.0
2023,14,Italian Grand Prix,2023-09-03,monza,norris,NOR,mclaren,9.0,4.4,0,0,8,4.0
2023,14,Italian Grand Prix,2023-09-03,monza,ocon,OCO,alpine,18.0,14.2,0,0,19,0.0
2023,14,Italian Grand Prix,2023-09-03,monza,perez,PER,red_bull,5.0,3.6,0,1,2,18.0
2023,14,Italian Grand Prix,2023-09-03,monza,piastri,PIA,mclaren,7.0,10.8,0,0,12,0.0
2023,14,Italian Grand Prix,2023-09-03,monza,russell,RUS,mercedes,4.0,8.2,0,0,5,10.0
2023,14,Italian Grand Prix,2023-09-03,monza,sainz,SAI,ferrari,1.0,9.6,0,1,3,15.0
2023,14,Italian Grand Prix,2023-09-03,monza,sargeant,SAR,williams,15.0,15.8,0,0,13,0.0
2023,14,Italian Grand Prix,2023-09-03,monza,stroll,STR,aston_martin,20.0,10.6,0,0,16,0.0
2023,14,Italian Grand Prix,2023-09-03,monza,tsunoda,TSU,alphatauri,11.0,15.0,0,0,20,0.0
2023,14,Italian Grand Prix,2023-09-03,monza,zhou,ZHO,alfa,16.0,14.8,0,0,14,0.0
2023,15,Singapore Grand Prix,2023-09-17,marina_bay,albon,ALB,williams,14.0,9.6,0,0,11,0.0
2023,15,Singapore Grand Prix,2023-09-17,marina_bay,alonso,ALO,aston_martin,7.0,6.4,0,0,15,0.0
2023,15,Singapore Grand Prix,2023-09-17,marina_bay,bottas,BOT,alfa,16.0,12.0,0,0,17,0.0
2023,15,Singapore Grand Prix,2023-09-17,marina_bay,gasly,GAS,alpine,12.0,13.4,0,0,6,8.0
2023,15,Singapore Grand Prix,2023-09-17,marina_bay,hamilton,HAM,mercedes,5.0,4.6,0,1,3,16.0
2023,15,Singapore Grand Prix,2023-09-17,marina_bay,hulkenberg,HUL,haas,9.0,14.8,0,0,13,0.0
2023,15,Singapore Grand Prix,2023-09-17,marina_bay,kevin_magnussen,MAG,haas,6.0,17.0,0,0,10,1.0
2023,15,Singapore Grand Prix,2023-09-17,marina_bay,lawson,LAW,alphatauri,10.0,12.0,0,0,9,2.0
2023,15,Singapore Grand Prix,2023-09-17,marina_bay,leclerc,LEC,ferrari,3.0,8.4,0,0,4,12.0
2023,15,Singapore Grand Prix,2023-09-17,marina_bay,max_verstappen,VER,red_bull,11.0,1.0,0,0,5,10.0
2023,15,Singapore Grand Prix,2023-09-17,marina_bay,norris,NOR,mclaren,4.0,5.2,0,1,2,18.0
2023,15,Singapore Grand Prix,2023-09-17,marina_bay,ocon,OCO,alpine,8.0,15.2,0,0,18,0.0
2023,15,Singapore Grand Prix,2023-09-17,marina_bay,perez,PER,red_bull,13.0,3.4,0,0,8,4.0
2023,15,Singapore Grand Prix,2023-09-17,marina_bay,piastri,PIA,mclaren,17.0,10.0,0,0,7,6.0
2023,15,Singapore Grand Prix,2023-09-17,marina_bay,russell,RUS,mercedes,2.0,7.8,0,0,16,0.0
2023,15,Singapore Grand Prix,2023-09-17,marina_bay,sainz,SAI,ferrari,1.0,9.0,1,1,1,25.0
2023,15,Singapore Grand Prix,2023-09-17,marina_bay,sargeant,SAR,williams,18.0,15.8,0,0,14,0.0
2023,15,Singapore Grand Prix,2023-09-17,marina_bay,stroll,STR,aston_martin,20.0,12.0,0,0,20,0.0
2023,15,Singapore Grand Prix,2023-09-17,marina_bay,tsunoda,TSU,alphatauri,15.0,15.2,0,0,19,0.0
2023,15,Singapore Grand Prix,2023-09-17,marina_bay,zhou,ZHO,alfa,19.0,15.2,0,0,12,0.0
2023,16,Japanese Grand Prix,2023-09-24,suzuka,albon,ALB,williams,13.0,10.2,0,0,16,0.0
2023,16,Japanese Grand Prix,2023-09-24,suzuka,alonso,ALO,aston_martin,10.0,8.0,0,0,8,4.0
2023,16,Japanese Grand Prix,2023-09-24,suzuka,bottas,BOT,alfa,16.0,13.0,0,0,20,0.0
2023,16,Japanese Grand Prix,2023-09-24,suzuka,gasly,GAS,alpine,12.0,11.0,0,0,10,1.0
2023,16,Japanese Grand Prix,2023-09-24,suzuka,hamilton,HAM,mercedes,7.0,4.6,0,0,5,10.0
2023,16,Japanese Grand Prix,2023-09-24,suzuka,hulkenberg,HUL,haas,18.0,14.8,0,0,14,0.0
2023,16,Japanese Grand Prix,2023-09-24,suzuka,kevin_magnussen,MAG,haas,15.0,15.2,0,0,15,0.0
2023,16,Japanese Grand Prix,2023-09-24,suzuka,lawson,LAW,alphatauri,11.0,11.0,0,0,11,0.0
2023,16,Japanese Grand Prix,2023-09-24,suzuka,leclerc,LEC,ferrari,4.0,7.4,0,0,4,12.0
2023,16,Japanese Grand Prix,2023-09-24,suzuka,max_verstappen,VER,red_bull,1.0,1.8,1,1,1,26.0
2023,16,Japanese Grand Prix,2023-09-24,suzuka,norris,NOR,mclaren,3.0,5.2,0,1,2,18.0
2023,16,Japanese Grand Prix,2023-09-24,suzuka,ocon,OCO,alpine,14.0,14.8,0,0,9,2.0
2023,16,Japanese Grand Prix,2023-09-24,suzuka,perez,PER,red_bull,5.0,3.8,0,0,19,0.0
2023,16,Japanese Grand Prix,2023-09-24,suzuka,piastri,PIA,mclaren,2.0,10.6,0,1,3,15.0
2023,16,Japanese Grand Prix,2023-09-24,suzuka,russell,RUS,mercedes,8.0,10.0,0,0,7,6.0
2023,16,Japanese Grand Prix,2023-09-24,suzuka,sainz,SAI,ferrari,6.0,7.2,0,0,6,8.0
2023,16,Japanese Grand Prix,2023-09-24,suzuka,sargeant,SAR,williams,20.0,16.4,0,0,17,0.0
2023,16,Japanese Grand Prix,2023-09-24,suzuka,stroll,STR,aston_martin,17.0,13.2,0,0,18,0.0
2023,16,Japanese Grand Prix,2023-09-24,suzuka,tsunoda,TSU,alphatauri,9.0,15.8,0,0,12,0.0
2023,16,Japanese Grand Prix,2023-09-24,suzuka,zhou,ZHO,alfa,19.0,14.6,0,0,13,0.0
2023,17,Qatar Grand Prix,2023-10-08,losail,albon,ALB,williams,14.0,11.2,0,0,13,0.0
2023,17,Qatar Grand Prix,2023-10-08,losail,alonso,ALO,aston_martin,4.0,7.8,0,0,6,8.0
2023,17,Qatar Grand Prix,2023-10-08,losail,bottas,BOT,alfa,9.0,14.6,0,0,8,4.0
2023,17,Qatar Grand Prix,2023-10-08,losail,gasly,GAS,alpine,7.0,9.0,0,0,12,0.0
2023,17,Qatar Grand Prix,2023-10-08,losail,hamilton,HAM,mercedes,3.0,4.8,0,0,19,0.0
2023,17,Qatar Grand Prix,2023-10-08,losail,hulkenberg,HUL,haas,15.0,14.8,0,0,16,0.0
2023,17,Qatar Grand Prix,2023-10-08,losail,kevin_magnussen,MAG,haas,19.0,14.8,0,0,14,0.0
2023,17,Qatar Grand Prix,2023-10-08,losail,lawson,LAW,alphatauri,18.0,11.0,0,0,17,0.0
2023,17,Qatar Grand Prix,2023-10-08,losail,leclerc,LEC,ferrari,5.0,6.8,0,0,5,10.0
2023,17,Qatar Grand Prix,2023-10-08,losail,max_verstappen,VER,red_bull,1.0,1.8,1,1,1,26.0
2023,17,Qatar Grand Prix,2023-10-08,losail,norris,NOR,mclaren,10.0,5.2,0,1,3,15.0
2023,17,Qatar Grand Prix,2023-10-08,losail,ocon,OCO,alpine,8.0,12.8,0,0,7,6.0
2023,17,Qatar Grand Prix,2023-10-08,losail,perez,PER,red_bull,13.0,7.0,0,0,10,1.0
2023,17,Qatar Grand Prix,2023-10-08,losail,piastri,PIA,mclaren,6.0,10.2,0,1,2,18.0
2023,17,Qatar Grand Prix,2023-10-08,losail,russell,RUS,mercedes,2.0,10.2,0,0,4,12.0
2023,17,Qatar Grand Prix,2023-10-08,losail,sainz,SAI,ferrari,12.0,6.8,0,0,20,0.0
2023,17,Qatar Grand Prix,2023-10-08,losail,sargeant,SAR,williams,16.0,16.2,0,0,18,0.0
2023,17,Qatar Grand Prix,2023-10-08,losail,stroll,STR,aston_martin,17.0,14.8,0,0,11,0.0
2023,17,Qatar Grand Prix,2023-10-08,losail,tsunoda,TSU,alphatauri,11.0,15.2,0,0,15,0.0
2023,17,Qatar Grand Prix,2023-10-08,losail,zhou,ZHO,alfa,20.0,14.0,0,0,9,2.0
2023,18,United States Grand Prix,2023-10-22,americas,albon,ALB,williams,18.0,11.0,0,0,9,2.0
2023,18,United States Grand Prix,2023-10-22,americas,alonso,ALO,aston_martin,17.0,8.0,0,0,16,0.0
2023,18,United States Grand Prix,2023-10-22,americas,bottas,BOT,alfa,13.0,13.8,0,0,12,0.0
2023,18,United States Grand Prix,2023-10-22,americas,gasly,GAS,alpine,7.0,9.2,0,0,6,8.0
2023,18,United States Grand Prix,2023-10-22,americas,hamilton,HAM,mercedes,3.0,7.8,0,0,19,0.0
2023,18,United States Grand Prix,2023-10-22,americas,hulkenberg,HUL,haas,16.0,14.4,0,0,11,0.0
2023,18,United States Grand Prix,2023-10-22,americas,kevin_magnussen,MAG,haas,14.0,14.6,0,0,14,0.0
2023,18,United States Grand Prix,2023-10-22,americas,leclerc,LEC,ferrari,1.0,7.2,0,0,20,0.0
2023,18,United States Grand Prix,2023-10-22,americas,max_verstappen,VER,red_bull,6.0,1.8,1,1,1,25.0
2023,18,United States Grand Prix,2023-10-22,americas,norris,NOR,mclaren,2.0,4.4,0,1,2,18.0
2023,18,United States Grand Prix,2023-10-22,americas,ocon,OCO,alpine,8.0,12.6,0,0,18,0.0
2023,18,United States Grand Prix,2023-10-22,americas,perez,PER,red_bull,9.0,8.6,0,0,4,12.0
2023,18,United States Grand Prix,2023-10-22,americas,piastri,PIA,mclaren,10.0,6.6,0,0,17,0.0
2023,18,United States Grand Prix,2023-10-22,americas,ricciardo,RIC,alphatauri,15.0,13.0,0,0,15,0.0
2023,18,United States Grand Prix,2023-10-22,americas,russell,RUS,mercedes,5.0,9.8,0,0,5,10.0
2023,18,United States Grand Prix,2023-10-22,americas,sainz,SAI,ferrari,4.0,7.0,0,1,3,15.0
2023,18,United States Grand Prix,2023-10-22,americas,sargeant,SAR,williams,20.0,16.4,0,0,10,1.0
2023,18,United States Grand Prix,2023-10-22,americas,stroll,STR,aston_martin,19.0,15.2,0,0,7,6.0
2023,18,United States Grand Prix,2023-10-22,americas,tsunoda,TSU,alphatauri,11.0,16.2,0,0,8,5.0
2023,18,United States Grand Prix,2023-10-22,americas,zhou,ZHO,alfa,12.0,13.2,0,0,13,0.0
2023,19,Mexico City Grand Prix,2023-10-29,rodriguez,albon,ALB,williams,14.0,11.2,0,0,9,2.0
2023,19,Mexico City Grand Prix,2023-10-29,rodriguez,alonso,ALO,aston_martin,13.0,10.8,0,0,18,0.0
2023,19,Mexico City Grand Prix,2023-10-29,rodriguez,bottas,BOT,alfa,9.0,13.4,0,0,15,0.0
2023,19,Mexico City Grand Prix,2023-10-29,rodriguez,gasly,GAS,alpine,11.0,9.8,0,0,11,0.0
2023,19,Mexico City Grand Prix,2023-10-29,rodriguez,hamilton,HAM,mercedes,6.0,10.4,0,1,2,19.0
2023,19,Mexico City Grand Prix,2023-10-29,rodriguez,hulkenberg,HUL,haas,12.0,14.2,0,0,13,0.0
2023,19,Mexico City Grand Prix,2023-10-29,rodriguez,kevin_magnussen,MAG,haas,17.0,14.2,0,0,19,0.0
2023,19,Mexico City Grand Prix,2023-10-29,rodriguez,leclerc,LEC,ferrari,1.0,7.4,0,1,3,15.0
2023,19,Mexico City Grand Prix,2023-10-29,rodriguez,max_verstappen,VER,red_bull,3.0,1.8,1,1,1,25.0
2023,19,Mexico City Grand Prix,2023-10-29,rodriguez,norris,NOR,mclaren,19.0,3.4,0,0,5,10.0
2023,19,Mexico City Grand Prix,2023-10-29,rodriguez,ocon,OCO,alpine,16.0,14.2,0,0,10,1.0
2023,19,Mexico City Grand Prix,2023-10-29,rodriguez,perez,PER,red_bull,5.0,8.6,0,0,20,0.0
2023,19,Mexico City Grand Prix,2023-10-29,rodriguez,piastri,PIA,mclaren,7.0,8.2,0,0,8,4.0
2023,19,Mexico City Grand Prix,2023-10-29,rodriguez,ricciardo,RIC,alphatauri,4.0,14.6,0,0,7,6.0
2023,19,Mexico City Grand Prix,2023-10-29,rodriguez,russell,RUS,mercedes,8.0,7.4,0,0,6,8.0
2023,19,Mexico City Grand Prix,2023-10-29,rodriguez,sainz,SAI,ferrari,2.0,6.6,0,0,4,12.0
2023,19,Mexico City Grand Prix,2023-10-29,rodriguez,sargeant,SAR,williams,20.0,14.4,0,0,16,0.0
2023,19,Mexico City Grand Prix,2023-10-29,rodriguez,stroll,STR,aston_martin,18.0,14.4,0,0,17,0.0
2023,19,Mexico City Grand Prix,2023-10-29,rodriguez,tsunoda,TSU,alphatauri,15.0,14.8,0,0,12,0.0
2023,19,Mexico City Grand Prix,2023-10-29,rodriguez,zhou,ZHO,alfa,10.0,12.2,0,0,14,0.0
2023,20,São Paulo Grand Prix,2023-11-05,interlagos,albon,ALB,williams,15.0,11.6,0,0,19,0.0
2023,20,São Paulo Grand Prix,2023-11-05,interlagos,alonso,ALO,aston_martin,4.0,12.6,0,1,3,15.0
2023,20,São Paulo Grand Prix,2023-11-05,interlagos,bottas,BOT,alfa,18.0,14.4,0,0,16,0.0
2023,20,São Paulo Grand Prix,2023-11-05,interlagos,gasly,GAS,alpine,13.0,9.0,0,0,7,6.0
2023,20,São Paulo Grand Prix,2023-11-05,interlagos,hamilton,HAM,mercedes,5.0,9.6,0,0,8,4.0
2023,20,São Paulo Grand Prix,2023-11-05,interlagos,hulkenberg,HUL,haas,11.0,13.4,0,0,12,0.0
2023,20,São Paulo Grand Prix,2023-11-05,interlagos,kevin_magnussen,MAG,haas,14.0,14.4,0,0,18,0.0
2023,20,São Paulo Grand Prix,2023-11-05,interlagos,leclerc,LEC,ferrari,2.0,7.2,0,0,20,0.0
2023,20,São Paulo Grand Prix,2023-11-05,interlagos,max_verstappen,VER,red_bull,1.0,1.8,1,1,1,25.0
2023,20,São Paulo Grand Prix,2023-11-05,interlagos,norris,NOR,mclaren,7.0,2.8,0,1,2,19.0
2023,20,São Paulo Grand Prix,2023-11-05,interlagos,ocon,OCO,alpine,12.0,12.4,0,0,10,1.0
2023,20,São Paulo Grand Prix,2023-11-05,interlagos,perez,PER,red_bull,9.0,12.2,0,0,4,12.0
2023,20,São Paulo Grand Prix,2023-11-05,interlagos,piastri,PIA,mclaren,10.0,7.4,0,0,14,0.0
2023,20,São Paulo Grand Prix,2023-11-05,interlagos,ricciardo,RIC,alphatauri,17.0,12.0,0,0,13,0.0
2023,20,São Paulo Grand Prix,2023-11-05,interlagos,russell,RUS,mercedes,6.0,7.6,0,0,15,0.0
2023,20,São Paulo Grand Prix,2023-11-05,interlagos,sainz,SAI,ferrari,8.0,6.8,0,0,6,8.0
2023,20,São Paulo Grand Prix,2023-11-05,interlagos,sargeant,SAR,williams,19.0,15.0,0,0,11,0.0
2023,20,São Paulo Grand Prix,2023-11-05,interlagos,stroll,STR,aston_martin,3.0,14.6,0,0,5,10.0
2023,20,São Paulo Grand Prix,2023-11-05,interlagos,tsunoda,TSU,alphatauri,16.0,13.2,0,0,9,2.0
2023,20,São Paulo Grand Prix,2023-11-05,interlagos,zhou,ZHO,alfa,20.0,12.2,0,0,17,0.0
2023,21,Las Vegas Grand Prix,2023-11-19,vegas,albon,ALB,williams,6.0,13.2,0,0,12,0.0
2023,21,Las Vegas Grand Prix,2023-11-19,vegas,alonso,ALO,aston_martin,10.0,10.2,0,0,9,2.0
2023,21,Las Vegas Grand Prix,2023-11-19,vegas,bottas,BOT,alfa,8.0,14.2,0,0,17,0.0
2023,21,Las Vegas Grand Prix,2023-11-19,vegas,gasly,GAS,alpine,5.0,9.2,0,0,11,0.0
2023,21,Las Vegas Grand Prix,2023-11-19,vegas,hamilton,HAM,mercedes,11.0,10.6,0,0,7,6.0
2023,21,Las Vegas Grand Prix,2023-11-19,vegas,hulkenberg,HUL,haas,13.0,13.2,0,0,19,0.0
2023,21,Las Vegas Grand Prix,2023-11-19,vegas,kevin_magnussen,MAG,haas,9.0,16.0,0,0,13,0.0
2023,21,Las Vegas Grand Prix,2023-11-19,vegas,leclerc,LEC,ferrari,1.0,10.4,0,1,2,18.0
2023,21,Las Vegas Grand Prix,2023-11-19,vegas,max_verstappen,VER,red_bull,3.0,1.0,1,1,1,25.0
2023,21,Las Vegas Grand Prix,2023-11-19,vegas,norris,NOR,mclaren,16.0,2.8,0,0,20,0.0
2023,21,Las Vegas Grand Prix,2023-11-19,vegas,ocon,OCO,alpine,17.0,10.8,0,0,4,12.0
2023,21,Las Vegas Grand Prix,2023-11-19,vegas,perez,PER,red_bull,12.0,11.4,0,1,3,15.0
2023,21,Las Vegas Grand Prix,2023-11-19,vegas,piastri,PIA,mclaren,19.0,8.8,0,0,10,2.0
2023,21,Las Vegas Grand Prix,2023-11-19,vegas,ricciardo,RIC,alphatauri,15.0,12.8,0,0,14,0.0
2023,21,Las Vegas Grand Prix,2023-11-19,vegas,russell,RUS,mercedes,4.0,7.4,0,0,8,4.0
2023,21,Las Vegas Grand Prix,2023-11-19,vegas,sainz,SAI,ferrari,2.0,7.8,0,0,6,8.0
2023,21,Las Vegas Grand Prix,2023-11-19,vegas,sargeant,SAR,williams,7.0,14.4,0,0,16,0.0
2023,21,Las Vegas Grand Prix,2023-11-19,vegas,stroll,STR,aston_martin,14.0,11.6,0,0,5,10.0
2023,21,Las Vegas Grand Prix,2023-11-19,vegas,tsunoda,TSU,alphatauri,20.0,11.2,0,0,18,0.0
2023,21,Las Vegas Grand Prix,2023-11-19,vegas,zhou,ZHO,alfa,18.0,13.2,0,0,15,0.0
2023,22,Abu Dhabi Grand Prix,2023-11-26,yas_marina,albon,ALB,williams,14.0,12.4,0,0,14,0.0
2023,22,Abu Dhabi Grand Prix,2023-11-26,yas_marina,alonso,ALO,aston_martin,7.0,10.4,0,0,7,6.0
2023,22,Abu Dhabi Grand Prix,2023-11-26,yas_marina,bottas,BOT,alfa,18.0,13.6,0,0,19,0.0
2023,22,Abu Dhabi Grand Prix,2023-11-26,yas_marina,gasly,GAS,alpine,10.0,9.4,0,0,13,0.0
2023,22,Abu Dhabi Grand Prix,2023-11-26,yas_marina,hamilton,HAM,mercedes,11.0,11.0,0,0,9,2.0
2023,22,Abu Dhabi Grand Prix,2023-11-26,yas_marina,hulkenberg,HUL,haas,8.0,14.2,0,0,15,0.0
2023,22,Abu Dhabi Grand Prix,2023-11-26,yas_marina,kevin_magnussen,MAG,haas,17.0,15.6,0,0,20,0.0
2023,22,Abu Dhabi Grand Prix,2023-11-26,yas_marina,leclerc,LEC,ferrari,2.0,10.0,0,1,2,18.0
2023,22,Abu Dhabi Grand Prix,2023-11-26,yas_marina,max_verstappen,VER,red_bull,1.0,1.0,1,1,1,26.0
2023,22,Abu Dhabi Grand Prix,2023-11-26,yas_marina,norris,NOR,mclaren,5.0,6.4,0,0,5,10.0
2023,22,Abu Dhabi Grand Prix,2023-11-26,yas_marina,ocon,OCO,alpine,12.0,9.8,0,0,12,0.0
2023,22,Abu Dhabi Grand Prix,2023-11-26,yas_marina,perez,PER,red_bull,9.0,8.2,0,0,4,12.0
2023,22,Abu Dhabi Grand Prix,2023-11-26,yas_marina,piastri,PIA,mclaren,3.0,10.2,0,0,6,8.0
2023,22,Abu Dhabi Grand Prix,2023-11-26,yas_marina,ricciardo,RIC,alphatauri,15.0,13.0,0,0,11,0.0
2023,22,Abu Dhabi Grand Prix,2023-11-26,yas_marina,russell,RUS,mercedes,4.0,7.6,0,1,3,15.0
2023,22,Abu Dhabi Grand Prix,2023-11-26,yas_marina,sainz,SAI,ferrari,16.0,7.8,0,0,18,0.0
2023,22,Abu Dhabi Grand Prix,2023-11-26,yas_marina,sargeant,SAR,williams,20.0,14.2,0,0,16,0.0
2023,22,Abu Dhabi Grand Prix,2023-11-26,yas_marina,stroll,STR,aston_martin,13.0,9.0,0,0,10,1.0
2023,22,Abu Dhabi Grand Prix,2023-11-26,yas_marina,tsunoda,TSU,alphatauri,6.0,12.4,0,0,8,4.0
2023,22,Abu Dhabi Grand Prix,2023-11-26,yas_marina,zhou,ZHO,alfa,19.0,13.6,0,0,17,0.0
2024,1,Bahrain Grand Prix,2024-03-02,bahrain,albon,ALB,williams,13.0,12.6,0,0,15,0.0
2024,1,Bahrain Grand Prix,2024-03-02,bahrain,alonso,ALO,aston_martin,6.0,10.6,0,0,9,2.0
2024,1,Bahrain Grand Prix,2024-03-02,bahrain,bottas,BOT,sauber,16.0,15.8,0,0,19,0.0
2024,1,Bahrain Grand Prix,2024-03-02,bahrain,gasly,GAS,alpine,20.0,9.6,0,0,18,0.0
2024,1,Bahrain Grand Prix,2024-03-02,bahrain,hamilton,HAM,mercedes,9.0,9.0,0,0,7,6.0
2024,1,Bahrain Grand Prix,2024-03-02,bahrain,hulkenberg,HUL,haas,10.0,14.0,0,0,16,0.0
2024,1,Bahrain Grand Prix,2024-03-02,bahrain,kevin_magnussen,MAG,haas,15.0,16.8,0,0,12,0.0
2024,1,Bahrain Grand Prix,2024-03-02,bahrain,leclerc,LEC,ferrari,2.0,9.4,0,0,4,12.0
2024,1,Bahrain Grand Prix,2024-03-02,bahrain,max_verstappen,VER,red_bull,1.0,1.0,1,1,1,26.0
2024,1,Bahrain Grand Prix,2024-03-02,bahrain,norris,NOR,mclaren,7.0,6.8,0,0,6,8.0
2024,1,Bahrain Grand Prix,2024-03-02,bahrain,ocon,OCO,alpine,19.0,10.8,0,0,17,0.0
2024,1,Bahrain Grand Prix,2024-03-02,bahrain,perez,PER,red_bull,5.0,7.0,0,1,2,18.0
2024,1,Bahrain Grand Prix,2024-03-02,bahrain,piastri,PIA,mclaren,8.0,11.0,0,0,8,4.0
2024,1,Bahrain Grand Prix,2024-03-02,bahrain,ricciardo,RIC,rb,14.0,12.0,0,0,13,0.0
2024,1,Bahrain Grand Prix,2024-03-02,bahrain,russell,RUS,mercedes,3.0,7.4,0,0,5,10.0
2024,1,Bahrain Grand Prix,2024-03-02,bahrain,sainz,SAI,ferrari,4.0,7.4,0,1,3,15.0
2024,1,Bahrain Grand Prix,2024-03-02,bahrain,sargeant,SAR,williams,18.0,13.8,0,0,20,0.0
2024,1,Bahrain Grand Prix,2024-03-02,bahrain,stroll,STR,aston_martin,12.0,8.8,0,0,10,1.0
2024,1,Bahrain Grand Prix,2024-03-02,bahrain,tsunoda,TSU,rb,11.0,11.0,0,0,14,0.0
2024,1,Bahrain Grand Prix,2024-03-02,bahrain,zhou,ZHO,sauber,17.0,15.2,0,0,11,0.0
2024,2,Saudi Arabian Grand Prix,2024-03-09,jeddah,albon,ALB,williams,12.0,13.8,0,0,11,0.0
2024,2,Saudi Arabian Grand Prix,2024-03-09,jeddah,alonso,ALO,aston_martin,4.0,9.2,0,0,5,10.0
2024,2,Saudi Arabian Grand Prix,2024-03-09,jeddah,bearman,BEA,ferrari,11.0,10.491659350307287,0,0,7,6.0
2024,2,Saudi Arabian Grand Prix,2024-03-09,jeddah,bottas,BOT,sauber,16.0,17.2,0,0,17,0.0
2024,2,Saudi Arabian Grand Prix,2024-03-09,jeddah,gasly,GAS,alpine,18.0,12.0,0,0,20,0.0
2024,2,Saudi Arabian Grand Prix,2024-03-09,jeddah,hamilton,HAM,mercedes,8.0,6.6,0,0,9,2.0
2024,2,Saudi Arabian Grand Prix,2024-03-09,jeddah,hulkenberg,HUL,haas,15.0,15.0,0,0,10,1.0
2024,2,Saudi Arabian Grand Prix,2024-03-09,jeddah,kevin_magnussen,MAG,haas,13.0,16.4,0,0,12,0.0
2024,2,Saudi Arabian Grand Prix,2024-03-09,jeddah,leclerc,LEC,ferrari,2.0,6.2,0,1,3,16.0
2024,2,Saudi Arabian Grand Prix,2024-03-09,jeddah,max_verstappen,VER,red_bull,1.0,1.0,1,1,1,25.0
2024,2,Saudi Arabian Grand Prix,2024-03-09,jeddah,norris,NOR,mclaren,6.0,7.6,0,0,8,4.0
2024,2,Saudi Arabian Grand Prix,2024-03-09,jeddah,ocon,OCO,alpine,17.0,10.6,0,0,13,0.0
2024,2,Saudi Arabian Grand Prix,2024-03-09,jeddah,perez,PER,red_bull,3.0,6.6,0,1,2,18.0
2024,2,Saudi Arabian Grand Prix,2024-03-09,jeddah,piastri,PIA,mclaren,5.0,9.2,0,0,4,12.0
2024,2,Saudi Arabian Grand Prix,2024-03-09,jeddah,ricciardo,RIC,rb,14.0,11.6,0,0,16,0.0
2024,2,Saudi Arabian Grand Prix,2024-03-09,jeddah,russell,RUS,mercedes,7.0,7.4,0,0,6,8.0
2024,2,Saudi Arabian Grand Prix,2024-03-09,jeddah,sargeant,SAR,williams,19.0,15.8,0,0,14,0.0
2024,2,Saudi Arabian Grand Prix,2024-03-09,jeddah,stroll,STR,aston_martin,10.0,9.4,0,0,19,0.0
2024,2,Saudi Arabian Grand Prix,2024-03-09,jeddah,tsunoda,TSU,rb,9.0,12.2,0,0,15,0.0
2024,2,Saudi Arabian Grand Prix,2024-03-09,jeddah,zhou,ZHO,sauber,20.0,14.8,0,0,18,0.0
2024,3,Australian Grand Prix,2024-03-24,albert_park,albon,ALB,williams,12.0,14.2,0,0,11,0.0
2024,3,Australian Grand Prix,2024-03-24,albert_park,alonso,ALO,aston_martin,10.0,6.6,0,0,8,4.0
2024,3,Australian Grand Prix,2024-03-24,albert_park,bottas,BOT,sauber,13.0,17.6,0,0,14,0.0
2024,3,Australian Grand Prix,2024-03-24,albert_park,gasly,GAS,alpine,17.0,13.8,0,0,13,0.0
2024,3,Australian Grand Prix,2024-03-24,albert_park,hamilton,HAM,mercedes,11.0,8.0,0,0,18,0.0
2024,3,Australian Grand Prix,2024-03-24,albert_park,hulkenberg,HUL,haas,16.0,14.4,0,0,9,2.0
2024,3,Australian Grand Prix,2024-03-24,albert_park,kevin_magnussen,MAG,haas,14.0,15.0,0,0,10,1.0
2024,3,Australian Grand Prix,2024-03-24,albert_park,leclerc,LEC,ferrari,5.0,6.2,0,1,2,19.0
2024,3,Australian Grand Prix,2024-03-24,albert_park,max_verstappen,VER,red_bull,1.0,1.0,0,0,19,0.0
2024,3,Australian Grand Prix,2024-03-24,albert_park,norris,NOR,mclaren,4.0,8.2,0,1,3,15.0
2024,3,Australian Grand Prix,2024-03-24,albert_park,ocon,OCO,alpine,15.0,11.2,0,0,16,0.0
2024,3,Australian Grand Prix,2024-03-24,albert_park,perez,PER,red_bull,3.0,3.0,0,0,5,10.0
2024,3,Australian Grand Prix,2024-03-24,albert_park,piastri,PIA,mclaren,6.0,8.4,0,0,4,12.0
2024,3,Australian Grand Prix,2024-03-24,albert_park,ricciardo,RIC,rb,18.0,13.4,0,0,12,0.0
2024,3,Australian Grand Prix,2024-03-24,albert_park,russell,RUS,mercedes,7.0,7.4,0,0,17,0.0
2024,3,Australian Grand Prix,2024-03-24,albert_park,sainz,SAI,ferrari,2.0,7.4,1,1,1,25.0
2024,3,Australian Grand Prix,2024-03-24,albert_park,stroll,STR,aston_martin,9.0,9.8,0,0,6,8.0
2024,3,Australian Grand Prix,2024-03-24,albert_park,tsunoda,TSU,rb,8.0,12.8,0,0,7,6.0
2024,3,Australian Grand Prix,2024-03-24,albert_park,zhou,ZHO,sauber,19.0,15.6,0,0,15,0.0
2024,4,Japanese Grand Prix,2024-04-07,suzuka,albon,ALB,williams,14.0,12.6,0,0,20,0.0
2024,4,Japanese Grand Prix,2024-04-07,suzuka,alonso,ALO,aston_martin,5.0,7.6,0,0,6,8.0
2024,4,Japanese Grand Prix,2024-04-07,suzuka,bottas,BOT,sauber,13.0,17.2,0,0,14,0.0
2024,4,Japanese Grand Prix,2024-04-07,suzuka,gasly,GAS,alpine,17.0,15.0,0,0,16,0.0
2024,4,Japanese Grand Prix,2024-04-07,suzuka,hamilton,HAM,mercedes,7.0,10.0,0,0,9,2.0
2024,4,Japanese Grand Prix,2024-04-07,suzuka,hulkenberg,HUL,haas,12.0,13.8,0,0,11,0.0
2024,4,Japanese Grand Prix,2024-04-07,suzuka,kevin_magnussen,MAG,haas,18.0,13.4,0,0,13,0.0
2024,4,Japanese Grand Prix,2024-04-07,suzuka,leclerc,LEC,ferrari,8.0,2.6,0,0,4,12.0
2024,4,Japanese Grand Prix,2024-04-07,suzuka,max_verstappen,VER,red_bull,1.0,4.6,1,1,1,26.0
2024,4,Japanese Grand Prix,2024-04-07,suzuka,norris,NOR,mclaren,3.0,8.4,0,0,5,10.0
2024,4,Japanese Grand Prix,2024-04-07,suzuka,ocon,OCO,alpine,15.0,12.4,0,0,15,0.0
2024,4,Japanese Grand Prix,2024-04-07,suzuka,perez,PER,red_bull,2.0,3.2,0,1,2,18.0
2024,4,Japanese Grand Prix,2024-04-07,suzuka,piastri,PIA,mclaren,6.0,6.4,0,0,8,4.0
2024,4,Japanese Grand Prix,2024-04-07,suzuka,ricciardo,RIC,rb,11.0,13.2,0,0,19,0.0
2024,4,Japanese Grand Prix,2024-04-07,suzuka,russell,RUS,mercedes,9.0,7.8,0,0,7,6.0
2024,4,Japanese Grand Prix,2024-04-07,suzuka,sainz,SAI,ferrari,4.0,6.8,0,1,3,15.0
2024,4,Japanese Grand Prix,2024-04-07,suzuka,sargeant,SAR,williams,19.0,15.4,0,0,17,0.0
2024,4,Japanese Grand Prix,2024-04-07,suzuka,stroll,STR,aston_martin,16.0,10.0,0,0,12,0.0
2024,4,Japanese Grand Prix,2024-04-07,suzuka,tsunoda,TSU,rb,10.0,12.4,0,0,10,1.0
2024,4,Japanese Grand Prix,2024-04-07,suzuka,zhou,ZHO,sauber,20.0,15.2,0,0,18,0.0
2024,5,Chinese Grand Prix,2024-04-21,shanghai,albon,ALB,williams,14.0,14.2,0,0,12,0.0
2024,5,Chinese Grand Prix,2024-04-21,shanghai,alonso,ALO,aston_martin,3.0,7.0,0,0,7,7.0
2024,5,Chinese Grand Prix,2024-04-21,shanghai,bottas,BOT,sauber,10.0,16.6,0,0,20,0.0
2024,5,Chinese Grand Prix,2024-04-21,shanghai,gasly,GAS,alpine,15.0,16.0,0,0,13,0.0
2024,5,Chinese Grand Prix,2024-04-21,shanghai,hamilton,HAM,mercedes,18.0,10.4,0,0,9,2.0
2024,5,Chinese Grand Prix,2024-04-21,shanghai,hulkenberg,HUL,haas,9.0,12.2,0,0,10,1.0
2024,5,Chinese Grand Prix,2024-04-21,shanghai,kevin_magnussen,MAG,haas,17.0,13.4,0,0,16,0.0
2024,5,Chinese Grand Prix,2024-04-21,shanghai,leclerc,LEC,ferrari,6.0,3.0,0,0,4,12.0
2024,5,Chinese Grand Prix,2024-04-21,shanghai,max_verstappen,VER,red_bull,1.0,4.6,1,1,1,25.0
2024,5,Chinese Grand Prix,2024-04-21,shanghai,norris,NOR,mclaren,4.0,5.4,0,1,2,18.0
2024,5,Chinese Grand Prix,2024-04-21,shanghai,ocon,OCO,alpine,13.0,14.6,0,0,11,0.0
2024,5,Chinese Grand Prix,2024-04-21,shanghai,perez,PER,red_bull,2.0,3.0,0,1,3,15.0
2024,5,Chinese Grand Prix,2024-04-21,shanghai,piastri,PIA,mclaren,5.0,6.0,0,0,8,4.0
2024,5,Chinese Grand Prix,2024-04-21,shanghai,ricciardo,RIC,rb,12.0,14.2,0,0,18,0.0
2024,5,Chinese Grand Prix,2024-04-21,shanghai,russell,RUS,mercedes,8.0,7.6,0,0,6,8.0
2024,5,Chinese Grand Prix,2024-04-21,shanghai,sainz,SAI,ferrari,7.0,6.2,0,0,5,10.0
2024,5,Chinese Grand Prix,2024-04-21,shanghai,sargeant,SAR,williams,20.0,16.6,0,0,17,0.0
2024,5,Chinese Grand Prix,2024-04-21,shanghai,stroll,STR,aston_martin,11.0,11.4,0,0,15,0.0
2024,5,Chinese Grand Prix,2024-04-21,shanghai,tsunoda,TSU,rb,19.0,10.8,0,0,19,0.0
2024,5,Chinese Grand Prix,2024-04-21,shanghai,zhou,ZHO,sauber,16.0,15.8,0,0,14,0.0
2024,6,Miami Grand Prix,2024-05-05,miami,albon,ALB,williams,14.0,13.8,0,0,18,0.0
2024,6,Miami Grand Prix,2024-05-05,miami,alonso,ALO,aston_martin,15.0,7.0,0,0,9,2.0
2024,6,Miami Grand Prix,2024-05-05,miami,bottas,BOT,sauber,16.0,16.8,0,0,16,0.0
2024,6,Miami Grand Prix,2024-05-05,miami,gasly,GAS,alpine,12.0,16.0,0,0,12,0.0
2024,6,Miami Grand Prix,2024-05-05,miami,hamilton,HAM,mercedes,8.0,10.4,0,0,6,8.0
2024,6,Miami Grand Prix,2024-05-05,miami,hulkenberg,HUL,haas,9.0,11.2,0,0,11,0.0
2024,6,Miami Grand Prix,2024-05-05,miami,kevin_magnussen,MAG,haas,19.0,12.6,0,0,19,0.0
2024,6,Miami Grand Prix,2024-05-05,miami,leclerc,LEC,ferrari,2.0,3.4,0,1,3,15.0
2024,6,Miami Grand Prix,2024-05-05,miami,max_verstappen,VER,red_bull,1.0,4.6,0,1,2,18.0
2024,6,Miami Grand Prix,2024-05-05,miami,norris,NOR,mclaren,5.0,4.8,1,1,1,25.0
2024,6,Miami Grand Prix,2024-05-05,miami,ocon,OCO,alpine,13.0,14.4,0,0,10,1.0
2024,6,Miami Grand Prix,2024-05-05,miami,perez,PER,red_bull,4.0,2.8,0,0,4,12.0
2024,6,Miami Grand Prix,2024-05-05,miami,piastri,PIA,mclaren,6.0,6.4,0,0,13,0.0
2024,6,Miami Grand Prix,2024-05-05,miami,ricciardo,RIC,rb,18.0,15.6,0,0,15,0.0
2024,6,Miami Grand Prix,2024-05-05,miami,russell,RUS,mercedes,7.0,8.2,0,0,8,4.0
2024,6,Miami Grand Prix,2024-05-05,miami,sainz,SAI,ferrari,3.0,6.0,0,0,5,10.0
2024,6,Miami Grand Prix,2024-05-05,miami,sargeant,SAR,williams,17.0,16.8,0,0,20,0.0
2024,6,Miami Grand Prix,2024-05-05,miami,stroll,STR,aston_martin,11.0,12.4,0,0,17,0.0
2024,6,Miami Grand Prix,2024-05-05,miami,tsunoda,TSU,rb,10.0,13.0,0,0,7,6.0
2024,6,Miami Grand Prix,2024-05-05,miami,zhou,ZHO,sauber,20.0,15.2,0,0,14,0.0
2024,7,Emilia Romagna Grand Prix,2024-05-19,imola,albon,ALB,williams,14.0,14.4,0,0,20,0.0
2024,7,Emilia Romagna Grand Prix,2024-05-19,imola,alonso,ALO,aston_martin,19.0,7.0,0,0,19,0.0
2024,7,Emilia Romagna Grand Prix,2024-05-19,imola,bottas,BOT,sauber,16.0,16.2,0,0,18,0.0
2024,7,Emilia Romagna Grand Prix,2024-05-19,imola,gasly,GAS,alpine,15.0,14.8,0,0,16,0.0
2024,7,Emilia Romagna Grand Prix,2024-05-19,imola,hamilton,HAM,mercedes,8.0,10.2,0,0,6,8.0
2024,7,Emilia Romagna Grand Prix,2024-05-19,imola,hulkenberg,HUL,haas,10.0,10.2,0,0,11,0.0
2024,7,Emilia Romagna Grand Prix,2024-05-19,imola,kevin_magnussen,MAG,haas,18.0,14.0,0,0,12,0.0
2024,7,Emilia Romagna Grand Prix,2024-05-19,imola,leclerc,LEC,ferrari,4.0,3.2,0,1,3,15.0
2024,7,Emilia Romagna Grand Prix,2024-05-19,imola,max_verstappen,VER,red_bull,1.0,4.8,1,1,1,25.0
2024,7,Emilia Romagna Grand Prix,2024-05-19,imola,norris,NOR,mclaren,3.0,3.8,0,1,2,18.0
2024,7,Emilia Romagna Grand Prix,2024-05-19,imola,ocon,OCO,alpine,12.0,13.0,0,0,14,0.0
2024,7,Emilia Romagna Grand Prix,2024-05-19,imola,perez,PER,red_bull,11.0,3.2,0,0,8,4.0
2024,7,Emilia Romagna Grand Prix,2024-05-19,imola,piastri,PIA,mclaren,2.0,7.4,0,0,4,12.0
2024,7,Emilia Romagna Grand Prix,2024-05-19,imola,ricciardo,RIC,rb,9.0,16.0,0,0,13,0.0
2024,7,Emilia Romagna Grand Prix,2024-05-19,imola,russell,RUS,mercedes,6.0,8.8,0,0,7,7.0
2024,7,Emilia Romagna Grand Prix,2024-05-19,imola,sainz,SAI,ferrari,5.0,3.4,0,0,5,10.0
2024,7,Emilia Romagna Grand Prix,2024-05-19,imola,sargeant,SAR,williams,20.0,17.6,0,0,17,0.0
2024,7,Emilia Romagna Grand Prix,2024-05-19,imola,stroll,STR,aston_martin,13.0,13.8,0,0,9,2.0
2024,7,Emilia Romagna Grand Prix,2024-05-19,imola,tsunoda,TSU,rb,7.0,11.6,0,0,10,1.0
2024,7,Emilia Romagna Grand Prix,2024-05-19,imola,zhou,ZHO,sauber,17.0,15.8,0,0,15,0.0
2024,8,Monaco Grand Prix,2024-05-26,monaco,albon,ALB,williams,9.0,16.2,0,0,9,2.0
2024,8,Monaco Grand Prix,2024-05-26,monaco,alonso,ALO,aston_martin,14.0,9.8,0,0,11,0.0
2024,8,Monaco Grand Prix,2024-05-26,monaco,bottas,BOT,sauber,17.0,16.4,0,0,13,0.0
2024,8,Monaco Grand Prix,2024-05-26,monaco,gasly,GAS,alpine,10.0,14.0,0,0,10,1.0
2024,8,Monaco Grand Prix,2024-05-26,monaco,hamilton,HAM,mercedes,7.0,9.6,0,0,7,7.0
2024,8,Monaco Grand Prix,2024-05-26,monaco,hulkenberg,HUL,haas,14.0,10.4,0,0,19,0.0
2024,8,Monaco Grand Prix,2024-05-26,monaco,kevin_magnussen,MAG,haas,15.0,14.0,0,0,20,0.0
2024,8,Monaco Grand Prix,2024-05-26,monaco,leclerc,LEC,ferrari,1.0,3.2,1,1,1,25.0
2024,8,Monaco Grand Prix,2024-05-26,monaco,max_verstappen,VER,red_bull,6.0,4.8,0,0,6,8.0
2024,8,Monaco Grand Prix,2024-05-26,monaco,norris,NOR,mclaren,4.0,2.6,0,0,4,12.0
2024,8,Monaco Grand Prix,2024-05-26,monaco,ocon,OCO,alpine,11.0,13.2,0,0,17,0.0
2024,8,Monaco Grand Prix,2024-05-26,monaco,perez,PER,red_bull,16.0,4.4,0,0,18,0.0
2024,8,Monaco Grand Prix,2024-05-26,monaco,piastri,PIA,mclaren,2.0,7.4,0,1,2,18.0
2024,8,Monaco Grand Prix,2024-05-26,monaco,ricciardo,RIC,rb,12.0,15.4,0,0,12,0.0
2024,8,Monaco Grand Prix,2024-05-26,monaco,russell,RUS,mercedes,5.0,9.0,0,0,5,10.0
2024,8,Monaco Grand Prix,2024-05-26,monaco,sainz,SAI,ferrari,3.0,3.8,0,1,3,15.0
2024,8,Monaco Grand Prix,2024-05-26,monaco,sargeant,SAR,williams,15.0,17.0,0,0,15,0.0
2024,8,Monaco Grand Prix,2024-05-26,monaco,stroll,STR,aston_martin,13.0,11.8,0,0,14,0.0
2024,8,Monaco Grand Prix,2024-05-26,monaco,tsunoda,TSU,rb,8.0,10.6,0,0,8,4.0
2024,8,Monaco Grand Prix,2024-05-26,monaco,zhou,ZHO,sauber,18.0,15.2,0,0,16,0.0
2024,9,Canadian Grand Prix,2024-06-09,villeneuve,albon,ALB,williams,10.0,15.8,0,0,17,0.0
2024,9,Canadian Grand Prix,2024-06-09,villeneuve,alonso,ALO,aston_martin,6.0,10.4,0,0,6,8.0
2024,9,Canadian Grand Prix,2024-06-09,villeneuve,bottas,BOT,sauber,17.0,16.2,0,0,13,0.0
2024,9,Canadian Grand Prix,2024-06-09,villeneuve,gasly,GAS,alpine,15.0,13.4,0,0,9,2.0
2024,9,Canadian Grand Prix,2024-06-09,villeneuve,hamilton,HAM,mercedes,7.0,7.4,0,0,4,13.0
2024,9,Canadian Grand Prix,2024-06-09,villeneuve,hulkenberg,HUL,haas,19.0,12.4,0,0,11,0.0
2024,9,Canadian Grand Prix,2024-06-09,villeneuve,kevin_magnussen,MAG,haas,14.0,16.0,0,0,12,0.0
2024,9,Canadian Grand Prix,2024-06-09,villeneuve,leclerc,LEC,ferrari,11.0,3.0,0,0,19,0.0
2024,9,Canadian Grand Prix,2024-06-09,villeneuve,max_verstappen,VER,red_bull,2.0,2.2,1,1,1,25.0
2024,9,Canadian Grand Prix,2024-06-09,villeneuve,norris,NOR,mclaren,3.0,2.8,0,1,2,18.0
2024,9,Canadian Grand Prix,2024-06-09,villeneuve,ocon,OCO,alpine,18.0,13.4,0,0,10,1.0
2024,9,Canadian Grand Prix,2024-06-09,villeneuve,perez,PER,red_bull,16.0,7.0,0,0,18,0.0
2024,9,Canadian Grand Prix,2024-06-09,villeneuve,piastri,PIA,mclaren,4.0,7.0,0,0,5,10.0
2024,9,Canadian Grand Prix,2024-06-09,villeneuve,ricciardo,RIC,rb,5.0,15.4,0,0,8,4.0
2024,9,Canadian Grand Prix,2024-06-09,villeneuve,russell,RUS,mercedes,1.0,6.6,0,1,3,15.0
2024,9,Canadian Grand Prix,2024-06-09,villeneuve,sainz,SAI,ferrari,12.0,4.2,0,0,16,0.0
2024,9,Canadian Grand Prix,2024-06-09,villeneuve,sargeant,SAR,williams,13.0,17.2,0,0,20,0.0
2024,9,Canadian Grand Prix,2024-06-09,villeneuve,stroll,STR,aston_martin,9.0,13.4,0,0,7,6.0
2024,9,Canadian Grand Prix,2024-06-09,villeneuve,tsunoda,TSU,rb,8.0,10.8,0,0,14,0.0
2024,9,Canadian Grand Prix,2024-06-09,villeneuve,zhou,ZHO,sauber,20.0,15.4,0,0,15,0.0
2024,10,Spanish Grand Prix,2024-06-23,catalunya,albon,ALB,williams,19.0,15.2,0,0,18,0.0
2024,10,Spanish Grand Prix,2024-06-23,catalunya,alonso,ALO,aston_martin,11.0,10.4,0,0,12,0.0
2024,10,Spanish Grand Prix,2024-06-23,catalunya,bottas,BOT,sauber,12.0,16.0,0,0,16,0.0
2024,10,Spanish Grand Prix,2024-06-23,catalunya,gasly,GAS,alpine,7.0,12.0,0,0,9,2.0
2024,10,Spanish Grand Prix,2024-06-23,catalunya,hamilton,HAM,mercedes,3.0,6.4,0,1,3,15.0
2024,10,Spanish Grand Prix,2024-06-23,catalunya,hulkenberg,HUL,haas,13.0,12.4,0,0,11,0.0
2024,10,Spanish Grand Prix,2024-06-23,catalunya,kevin_magnussen,MAG,haas,16.0,15.8,0,0,17,0.0
2024,10,Spanish Grand Prix,2024-06-23,catalunya,leclerc,LEC,ferrari,5.0,6.0,0,0,5,10.0
2024,10,Spanish Grand Prix,2024-06-23,catalunya,max_verstappen,VER,red_bull,2.0,2.2,1,1,1,25.0
2024,10,Spanish Grand Prix,2024-06-23,catalunya,norris,NOR,mclaren,1.0,2.2,0,1,2,19.0
2024,10,Spanish Grand Prix,2024-06-23,catalunya,ocon,OCO,alpine,9.0,12.4,0,0,10,1.0
2024,10,Spanish Grand Prix,2024-06-23,catalunya,perez,PER,red_bull,8.0,10.2,0,0,8,4.0
2024,10,Spanish Grand Prix,2024-06-23,catalunya,piastri,PIA,mclaren,10.0,6.4,0,0,7,6.0
2024,10,Spanish Grand Prix,2024-06-23,catalunya,ricciardo,RIC,rb,18.0,13.2,0,0,15,0.0
2024,10,Spanish Grand Prix,2024-06-23,catalunya,russell,RUS,mercedes,4.0,5.8,0,0,4,12.0
2024,10,Spanish Grand Prix,2024-06-23,catalunya,sainz,SAI,ferrari,6.0,6.8,0,0,6,8.0
2024,10,Spanish Grand Prix,2024-06-23,catalunya,sargeant,SAR,williams,20.0,17.8,0,0,20,0.0
2024,10,Spanish Grand Prix,2024-06-23,catalunya,stroll,STR,aston_martin,14.0,12.4,0,0,14,0.0
2024,10,Spanish Grand Prix,2024-06-23,catalunya,tsunoda,TSU,rb,17.0,11.6,0,0,19,0.0
2024,10,Spanish Grand Prix,2024-06-23,catalunya,zhou,ZHO,sauber,15.0,14.8,0,0,13,0.0
2024,11,Austrian Grand Prix,2024-06-30,red_bull_ring,albon,ALB,williams,16.0,16.4,0,0,15,0.0
2024,11,Austrian Grand Prix,2024-06-30,red_bull_ring,alonso,ALO,aston_martin,15.0,11.4,0,0,18,0.0
2024,11,Austrian Grand Prix,2024-06-30,red_bull_ring,bottas,BOT,sauber,18.0,15.2,0,0,16,0.0
2024,11,Austrian Grand Prix,2024-06-30,red_bull_ring,gasly,GAS,alpine,13.0,11.2,0,0,10,1.0
2024,11,Austrian Grand Prix,2024-06-30,red_bull_ring,hamilton,HAM,mercedes,5.0,5.2,0,0,4,12.0
2024,11,Austrian Grand Prix,2024-06-30,red_bull_ring,hulkenberg,HUL,haas,9.0,12.6,0,0,6,8.0
2024,11,Austrian Grand Prix,2024-06-30,red_bull_ring,kevin_magnussen,MAG,haas,12.0,16.0,0,0,8,4.0
2024,11,Austrian Grand Prix,2024-06-30,red_bull_ring,leclerc,LEC,ferrari,6.0,6.2,0,0,11,0.0
2024,11,Austrian Grand Prix,2024-06-30,red_bull_ring,max_verstappen,VER,red_bull,1.0,2.2,0,0,5,10.0
2024,11,Austrian Grand Prix,2024-06-30,red_bull_ring,norris,NOR,mclaren,2.0,2.2,0,0,20,0.0
2024,11,Austrian Grand Prix,2024-06-30,red_bull_ring,ocon,OCO,alpine,10.0,12.2,0,0,12,0.0
2024,11,Austrian Grand Prix,2024-06-30,red_bull_ring,perez,PER,red_bull,8.0,11.2,0,0,7,6.0
2024,11,Austrian Grand Prix,2024-06-30,red_bull_ring,piastri,PIA,mclaren,7.0,6.2,0,1,2,18.0
2024,11,Austrian Grand Prix,2024-06-30,red_bull_ring,ricciardo,RIC,rb,11.0,12.6,0,0,9,2.0
2024,11,Austrian Grand Prix,2024-06-30,red_bull_ring,russell,RUS,mercedes,3.0,5.4,1,1,1,25.0
2024,11,Austrian Grand Prix,2024-06-30,red_bull_ring,sainz,SAI,ferrari,4.0,7.0,0,1,3,15.0
2024,11,Austrian Grand Prix,2024-06-30,red_bull_ring,sargeant,SAR,williams,19.0,18.4,0,0,19,0.0
2024,11,Austrian Grand Prix,2024-06-30,red_bull_ring,stroll,STR,aston_martin,17.0,12.2,0,0,13,0.0
2024,11,Austrian Grand Prix,2024-06-30,red_bull_ring,tsunoda,TSU,rb,14.0,11.6,0,0,14,0.0
2024,11,Austrian Grand Prix,2024-06-30,red_bull_ring,zhou,ZHO,sauber,20.0,14.6,0,0,17,0.0
2024,12,British Grand Prix,2024-07-07,silverstone,albon,ALB,williams,9.0,15.8,0,0,9,2.0
2024,12,British Grand Prix,2024-07-07,silverstone,alonso,ALO,aston_martin,10.0,13.2,0,0,8,4.0
2024,12,British Grand Prix,2024-07-07,silverstone,bottas,BOT,sauber,16.0,15.2,0,0,15,0.0
2024,12,British Grand Prix,2024-07-07,silverstone,gasly,GAS,alpine,20.0,10.8,0,0,20,0.0
2024,12,British Grand Prix,2024-07-07,silverstone,hamilton,HAM,mercedes,2.0,4.8,1,1,1,25.0
2024,12,British Grand Prix,2024-07-07,silverstone,hulkenberg,HUL,haas,6.0,11.6,0,0,6,8.0
2024,12,British Grand Prix,2024-07-07,silverstone,kevin_magnussen,MAG,haas,17.0,13.8,0,0,12,0.0
2024,12,British Grand Prix,2024-07-07,silverstone,leclerc,LEC,ferrari,11.0,7.8,0,0,14,0.0
2024,12,British Grand Prix,2024-07-07,silverstone,max_verstappen,VER,red_bull,4.0,2.8,0,1,2,18.0
2024,12,British Grand Prix,2024-07-07,silverstone,norris,NOR,mclaren,3.0,6.0,0,1,3,15.0
2024,12,British Grand Prix,2024-07-07,silverstone,ocon,OCO,alpine,18.0,12.6,0,0,16,0.0
2024,12,British Grand Prix,2024-07-07,silverstone,perez,PER,red_bull,19.0,11.8,0,0,17,0.0
2024,12,British Grand Prix,2024-07-07,silverstone,piastri,PIA,mclaren,5.0,4.0,0,0,4,12.0
2024,12,British Grand Prix,2024-07-07,silverstone,ricciardo,RIC,rb,15.0,11.4,0,0,13,0.0
2024,12,British Grand Prix,2024-07-07,silverstone,russell,RUS,mercedes,1.0,4.0,0,0,19,0.0
2024,12,British Grand Prix,2024-07-07,silverstone,sainz,SAI,ferrari,7.0,6.6,0,0,5,11.0
2024,12,British Grand Prix,2024-07-07,silverstone,sargeant,SAR,williams,12.0,18.2,0,0,11,0.0
2024,12,British Grand Prix,2024-07-07,silverstone,stroll,STR,aston_martin,8.0,11.4,0,0,7,6.0
2024,12,British Grand Prix,2024-07-07,silverstone,tsunoda,TSU,rb,13.0,13.0,0,0,10,1.0
2024,12,British Grand Prix,2024-07-07,silverstone,zhou,ZHO,sauber,14.0,15.2,0,0,18,0.0
2024,13,Hungarian Grand Prix,2024-07-21,hungaroring,albon,ALB,williams,13.0,13.6,0,0,14,0.0
2024,13,Hungarian Grand Prix,2024-07-21,hungaroring,alonso,ALO,aston_martin,7.0,11.0,0,0,11,0.0
2024,13,Hungarian Grand Prix,2024-07-21,hungaroring,bottas,BOT,sauber,12.0,14.6,0,0,16,0.0
2024,13,Hungarian Grand Prix,2024-07-21,hungaroring,gasly,GAS,alpine,20.0,11.6,0,0,20,0.0
2024,13,Hungarian Grand Prix,2024-07-21,hungaroring,hamilton,HAM,mercedes,5.0,3.8,0,1,3,15.0
2024,13,Hungarian Grand Prix,2024-07-21,hungaroring,hulkenberg,HUL,haas,11.0,10.6,0,0,13,0.0
2024,13,Hungarian Grand Prix,2024-07-21,hungaroring,kevin_magnussen,MAG,haas,15.0,13.8,0,0,15,0.0
2024,13,Hungarian Grand Prix,2024-07-21,hungaroring,leclerc,LEC,ferrari,6.0,10.0,0,0,4,12.0
2024,13,Hungarian Grand Prix,2024-07-21,hungaroring,max_verstappen,VER,red_bull,3.0,3.0,0,0,5,10.0
2024,13,Hungarian Grand Prix,2024-07-21,hungaroring,norris,NOR,mclaren,1.0,6.2,0,1,2,18.0
2024,13,Hungarian Grand Prix,2024-07-21,hungaroring,ocon,OCO,alpine,19.0,13.0,0,0,18,0.0
2024,13,Hungarian Grand Prix,2024-07-21,hungaroring,perez,PER,red_bull,16.0,13.6,0,0,7,6.0
2024,13,Hungarian Grand Prix,2024-07-21,hungaroring,piastri,PIA,mclaren,2.0,4.0,1,1,1,25.0
2024,13,Hungarian Grand Prix,2024-07-21,hungaroring,ricciardo,RIC,rb,9.0,11.4,0,0,12,0.0
2024,13,Hungarian Grand Prix,2024-07-21,hungaroring,russell,RUS,mercedes,17.0,6.4,0,0,8,5.0
2024,13,Hungarian Grand Prix,2024-07-21,hungaroring,sainz,SAI,ferrari,4.0,6.6,0,0,6,8.0
2024,13,Hungarian Grand Prix,2024-07-21,hungaroring,sargeant,SAR,williams,14.0,17.0,0,0,17,0.0
2024,13,Hungarian Grand Prix,2024-07-21,hungaroring,stroll,STR,aston_martin,8.0,11.0,0,0,10,1.0
2024,13,Hungarian Grand Prix,2024-07-21,hungaroring,tsunoda,TSU,rb,10.0,13.0,0,0,9,2.0
2024,13,Hungarian Grand Prix,2024-07-21,hungaroring,zhou,ZHO,sauber,18.0,15.8,0,0,19,0.0
2024,14,Belgian Grand Prix,2024-07-28,spa,albon,ALB,williams,11.0,14.6,0,0,12,0.0
2024,14,Belgian Grand Prix,2024-07-28,spa,alonso,ALO,aston_martin,9.0,11.0,0,0,8,4.0
2024,14,Belgian Grand Prix,2024-07-28,spa,bottas,BOT,sauber,14.0,15.2,0,0,15,0.0
2024,14,Belgian Grand Prix,2024-07-28,spa,gasly,GAS,alpine,12.0,13.6,0,0,13,0.0
2024,14,Belgian Grand Prix,2024-07-28,spa,hamilton,HAM,mercedes,4.0,3.0,1,1,1,25.0
2024,14,Belgian Grand Prix,2024-07-28,spa,hulkenberg,HUL,haas,16.0,9.4,0,0,18,0.0
2024,14,Belgian Grand Prix,2024-07-28,spa,kevin_magnussen,MAG,haas,17.0,12.8,0,0,14,0.0
2024,14,Belgian Grand Prix,2024-07-28,spa,leclerc,LEC,ferrari,2.0,10.6,0,1,3,15.0
2024,14,Belgian Grand Prix,2024-07-28,spa,max_verstappen,VER,red_bull,1.0,2.8,0,0,4,12.0
2024,14,Belgian Grand Prix,2024-07-28,spa,norris,NOR,mclaren,5.0,5.8,0,0,5,10.0
2024,14,Belgian Grand Prix,2024-07-28,spa,ocon,OCO,alpine,10.0,13.2,0,0,9,2.0
2024,14,Belgian Grand Prix,2024-07-28,spa,perez,PER,red_bull,3.0,11.4,0,0,7,7.0
2024,14,Belgian Grand Prix,2024-07-28,spa,piastri,PIA,mclaren,6.0,3.8,0,1,2,18.0
2024,14,Belgian Grand Prix,2024-07-28,spa,ricciardo,RIC,rb,13.0,11.4,0,0,10,1.0
2024,14,Belgian Grand Prix,2024-07-28,spa,russell,RUS,mercedes,7.0,7.0,0,0,20,0.0
2024,14,Belgian Grand Prix,2024-07-28,spa,sainz,SAI,ferrari,8.0,7.2,0,0,6,8.0
2024,14,Belgian Grand Prix,2024-07-28,spa,sargeant,SAR,williams,19.0,17.4,0,0,17,0.0
2024,14,Belgian Grand Prix,2024-07-28,spa,stroll,STR,aston_martin,15.0,10.2,0,0,11,0.0
2024,14,Belgian Grand Prix,2024-07-28,spa,tsunoda,TSU,rb,18.0,13.2,0,0,16,0.0
2024,14,Belgian Grand Prix,2024-07-28,spa,zhou,ZHO,sauber,20.0,16.4,0,0,19,0.0
2024,15,Dutch Grand Prix,2024-08-25,zandvoort,albon,ALB,williams,10.0,13.6,0,0,14,0.0
2024,15,Dutch Grand Prix,2024-08-25,zandvoort,alonso,ALO,aston_martin,7.0,11.4,0,0,10,1.0
2024,15,Dutch Grand Prix,2024-08-25,zandvoort,bottas,BOT,sauber,17.0,15.6,0,0,19,0.0
2024,15,Dutch Grand Prix,2024-08-25,zandvoort,gasly,GAS,alpine,9.0,14.4,0,0,9,2.0
2024,15,Dutch Grand Prix,2024-08-25,zandvoort,hamilton,HAM,mercedes,11.0,2.4,0,0,8,4.0
2024,15,Dutch Grand Prix,2024-08-25,zandvoort,hulkenberg,HUL,haas,13.0,10.8,0,0,11,0.0
2024,15,Dutch Grand Prix,2024-08-25,zandvoort,kevin_magnussen,MAG,haas,14.0,13.2,0,0,18,0.0
2024,15,Dutch Grand Prix,2024-08-25,zandvoort,leclerc,LEC,ferrari,6.0,7.4,0,1,3,15.0
2024,15,Dutch Grand Prix,2024-08-25,zandvoort,max_verstappen,VER,red_bull,2.0,3.4,0,1,2,18.0
2024,15,Dutch Grand Prix,2024-08-25,zandvoort,norris,NOR,mclaren,1.0,6.4,1,1,1,26.0
2024,15,Dutch Grand Prix,2024-08-25,zandvoort,ocon,OCO,alpine,16.0,13.0,0,0,15,0.0
2024,15,Dutch Grand Prix,2024-08-25,zandvoort,perez,PER,red_bull,5.0,9.2,0,0,6,8.0
2024,15,Dutch Grand Prix,2024-08-25,zandvoort,piastri,PIA,mclaren,3.0,3.2,0,0,4,12.0
2024,15,Dutch Grand Prix,2024-08-25,zandvoort,ricciardo,RIC,rb,15.0,11.8,0,0,12,0.0
2024,15,Dutch Grand Prix,2024-08-25,zandvoort,russell,RUS,mercedes,4.0,10.4,0,0,7,6.0
2024,15,Dutch Grand Prix,2024-08-25,zandvoort,sainz,SAI,ferrari,10.0,5.2,0,0,5,10.0
2024,15,Dutch Grand Prix,2024-08-25,zandvoort,sargeant,SAR,williams,20.0,16.8,0,0,16,0.0
2024,15,Dutch Grand Prix,2024-08-25,zandvoort,stroll,STR,aston_martin,8.0,11.0,0,0,13,0.0
2024,15,Dutch Grand Prix,2024-08-25,zandvoort,tsunoda,TSU,rb,12.0,13.6,0,0,17,0.0
2024,15,Dutch Grand Prix,2024-08-25,zandvoort,zhou,ZHO,sauber,18.0,17.2,0,0,20,0.0
2024,16,Italian Grand Prix,2024-09-01,monza,albon,ALB,williams,9.0,12.8,0,0,9,2.0
2024,16,Italian Grand Prix,2024-09-01,monza,alonso,ALO,aston_martin,11.0,11.0,0,0,11,0.0
2024,16,Italian Grand Prix,2024-09-01,monza,bottas,BOT,sauber,19.0,16.2,0,0,16,0.0
2024,16,Italian Grand Prix,2024-09-01,monza,colapinto,COL,williams,18.0,10.491659350307287,0,0,12,0.0
2024,16,Italian Grand Prix,2024-09-01,monza,gasly,GAS,alpine,14.0,14.4,0,0,15,0.0
2024,16,Italian Grand Prix,2024-09-01,monza,hamilton,HAM,mercedes,6.0,3.4,0,0,5,10.0
2024,16,Italian Grand Prix,2024-09-01,monza,hulkenberg,HUL,haas,10.0,10.8,0,0,17,0.0
2024,16,Italian Grand Prix,2024-09-01,monza,kevin_magnussen,MAG,haas,13.0,13.4,0,0,10,1.0
2024,16,Italian Grand Prix,2024-09-01,monza,leclerc,LEC,ferrari,4.0,7.0,1,1,1,25.0
2024,16,Italian Grand Prix,2024-09-01,monza,max_verstappen,VER,red_bull,7.0,3.6,0,0,6,8.0
2024,16,Italian Grand Prix,2024-09-01,monza,norris,NOR,mclaren,1.0,6.2,0,1,3,16.0
2024,16,Italian Grand Prix,2024-09-01,monza,ocon,OCO,alpine,15.0,14.0,0,0,14,0.0
2024,16,Italian Grand Prix,2024-09-01,monza,perez,PER,red_bull,8.0,8.8,0,0,8,4.0
2024,16,Italian Grand Prix,2024-09-01,monza,piastri,PIA,mclaren,2.0,2.6,0,1,2,18.0
2024,16,Italian Grand Prix,2024-09-01,monza,ricciardo,RIC,rb,12.0,11.2,0,0,13,0.0
2024,16,Italian Grand Prix,2024-09-01,monza,russell,RUS,mercedes,3.0,11.0,0,0,7,6.0
2024,16,Italian Grand Prix,2024-09-01,monza,sainz,SAI,ferrari,5.0,5.0,0,0,4,12.0
2024,16,Italian Grand Prix,2024-09-01,monza,stroll,STR,aston_martin,17.0,10.8,0,0,19,0.0
2024,16,Italian Grand Prix,2024-09-01,monza,tsunoda,TSU,rb,16.0,13.2,0,0,20,0.0
2024,16,Italian Grand Prix,2024-09-01,monza,zhou,ZHO,sauber,20.0,18.6,0,0,18,0.0
2024,17,Azerbaijan Grand Prix,2024-09-15,baku,albon,ALB,williams,10.0,11.6,0,0,7,6.0
2024,17,Azerbaijan Grand Prix,2024-09-15,baku,alonso,ALO,aston_martin,8.0,9.6,0,0,6,8.0
2024,17,Azerbaijan Grand Prix,2024-09-15,baku,bearman,BEA,haas,11.0,7.0,0,0,10,1.0
2024,17,Azerbaijan Grand Prix,2024-09-15,baku,bottas,BOT,sauber,17.0,16.2,0,0,16,0.0
2024,17,Azerbaijan Grand Prix,2024-09-15,baku,colapinto,COL,williams,9.0,12.0,0,0,8,4.0
2024,17,Azerbaijan Grand Prix,2024-09-15,baku,gasly,GAS,alpine,15.0,15.4,0,0,12,0.0
2024,17,Azerbaijan Grand Prix,2024-09-15,baku,hamilton,HAM,mercedes,7.0,3.6,0,0,9,2.0
2024,17,Azerbaijan Grand Prix,2024-09-15,baku,hulkenberg,HUL,haas,13.0,13.0,0,0,11,0.0
2024,17,Azerbaijan Grand Prix,2024-09-15,baku,leclerc,LEC,ferrari,1.0,5.0,0,1,2,18.0
2024,17,Azerbaijan Grand Prix,2024-09-15,baku,max_verstappen,VER,red_bull,6.0,3.8,0,0,5,10.0
2024,17,Azerbaijan Grand Prix,2024-09-15,baku,norris,NOR,mclaren,16.0,2.8,0,0,4,13.0
2024,17,Azerbaijan Grand Prix,2024-09-15,baku,ocon,OCO,alpine,19.0,14.4,0,0,15,0.0
2024,17,Azerbaijan Grand Prix,2024-09-15,baku,perez,PER,red_bull,4.0,9.0,0,0,17,0.0
2024,17,Azerbaijan Grand Prix,2024-09-15,baku,piastri,PIA,mclaren,2.0,2.6,1,1,1,25.0
2024,17,Azerbaijan Grand Prix,2024-09-15,baku,ricciardo,RIC,rb,15.0,12.0,0,0,13,0.0
2024,17,Azerbaijan Grand Prix,2024-09-15,baku,russell,RUS,mercedes,5.0,12.2,0,1,3,15.0
2024,17,Azerbaijan Grand Prix,2024-09-15,baku,sainz,SAI,ferrari,3.0,5.2,0,0,18,0.0
2024,17,Azerbaijan Grand Prix,2024-09-15,baku,stroll,STR,aston_martin,14.0,12.0,0,0,19,0.0
2024,17,Azerbaijan Grand Prix,2024-09-15,baku,tsunoda,TSU,rb,12.0,14.4,0,0,20,0.0
2024,17,Azerbaijan Grand Prix,2024-09-15,baku,zhou,ZHO,sauber,18.0,18.8,0,0,14,0.0
2024,18,Singapore Grand Prix,2024-09-22,marina_bay,albon,ALB,williams,11.0,11.2,0,0,20,0.0
2024,18,Singapore Grand Prix,2024-09-22,marina_bay,alonso,ALO,aston_martin,7.0,9.2,0,0,8,4.0
2024,18,Singapore Grand Prix,2024-09-22,marina_bay,bottas,BOT,sauber,19.0,16.4,0,0,16,0.0
2024,18,Singapore Grand Prix,2024-09-22,marina_bay,colapinto,COL,williams,12.0,10.0,0,0,11,0.0
2024,18,Singapore Grand Prix,2024-09-22,marina_bay,gasly,GAS,alpine,18.0,13.8,0,0,17,0.0
2024,18,Singapore Grand Prix,2024-09-22,marina_bay,hamilton,HAM,mercedes,3.0,5.2,0,0,6,8.0
2024,18,Singapore Grand Prix,2024-09-22,marina_bay,hulkenberg,HUL,haas,6.0,14.0,0,0,9,2.0
2024,18,Singapore Grand Prix,2024-09-22,marina_bay,kevin_magnussen,MAG,haas,14.0,13.8,0,0,19,0.0
2024,18,Singapore Grand Prix,2024-09-22,marina_bay,leclerc,LEC,ferrari,9.0,2.6,0,0,5,10.0
2024,18,Singapore Grand Prix,2024-09-22,marina_bay,max_verstappen,VER,red_bull,2.0,4.4,0,1,2,18.0
2024,18,Singapore Grand Prix,2024-09-22,marina_bay,norris,NOR,mclaren,1.0,3.0,1,1,1,25.0
2024,18,Singapore Grand Prix,2024-09-22,marina_bay,ocon,OCO,alpine,15.0,14.2,0,0,13,0.0
2024,18,Singapore Grand Prix,2024-09-22,marina_bay,perez,PER,red_bull,13.0,9.0,0,0,10,1.0
2024,18,Singapore Grand Prix,2024-09-22,marina_bay,piastri,PIA,mclaren,5.0,2.0,0,1,3,15.0
2024,18,Singapore Grand Prix,2024-09-22,marina_bay,ricciardo,RIC,rb,16.0,12.0,0,0,18,0.0
2024,18,Singapore Grand Prix,2024-09-22,marina_bay,russell,RUS,mercedes,4.0,9.0,0,0,4,12.0
2024,18,Singapore Grand Prix,2024-09-22,marina_bay,sainz,SAI,ferrari,10.0,7.8,0,0,7,6.0
2024,18,Singapore Grand Prix,2024-09-22,marina_bay,stroll,STR,aston_martin,17.0,14.4,0,0,14,0.0
2024,18,Singapore Grand Prix,2024-09-22,marina_bay,tsunoda,TSU,rb,8.0,16.4,0,0,12,0.0
2024,18,Singapore Grand Prix,2024-09-22,marina_bay,zhou,ZHO,sauber,20.0,18.0,0,0,15,0.0
2024,19,United States Grand Prix,2024-10-20,americas,albon,ALB,williams,16.0,12.4,0,0,16,0.0
2024,19,United States Grand Prix,2024-10-20,americas,alonso,ALO,aston_martin,8.0,8.6,0,0,13,0.0
2024,19,United States Grand Prix,2024-10-20,americas,bottas,BOT,sauber,18.0,16.4,0,0,17,0.0
2024,19,United States Grand Prix,2024-10-20,americas,colapinto,COL,williams,17.0,10.333333333333334,0,0,10,1.0
2024,19,United States Grand Prix,2024-10-20,americas,gasly,GAS,alpine,7.0,13.2,0,0,12,0.0
2024,19,United States Grand Prix,2024-10-20,americas,hamilton,HAM,mercedes,19.0,5.8,0,0,20,0.0
2024,19,United States Grand Prix,2024-10-20,americas,hulkenberg,HUL,haas,12.0,13.2,0,0,8,4.0
2024,19,United States Grand Prix,2024-10-20,americas,kevin_magnussen,MAG,haas,9.0,15.2,0,0,11,0.0
2024,19,United States Grand Prix,2024-10-20,americas,lawson,LAW,rb,15.0,12.2,0,0,9,2.0
2024,19,United States Grand Prix,2024-10-20,americas,leclerc,LEC,ferrari,4.0,2.8,1,1,1,25.0
2024,19,United States Grand Prix,2024-10-20,americas,max_verstappen,VER,red_bull,2.0,3.8,0,1,3,15.0
2024,19,United States Grand Prix,2024-10-20,americas,norris,NOR,mclaren,1.0,2.8,0,0,4,12.0
2024,19,United States Grand Prix,2024-10-20,americas,ocon,OCO,alpine,13.0,13.2,0,0,18,0.0
2024,19,United States Grand Prix,2024-10-20,americas,perez,PER,red_bull,10.0,9.6,0,0,7,6.0
2024,19,United States Grand Prix,2024-10-20,americas,piastri,PIA,mclaren,5.0,2.4,0,0,5,10.0
2024,19,United States Grand Prix,2024-10-20,americas,russell,RUS,mercedes,6.0,8.2,0,0,6,8.0
2024,19,United States Grand Prix,2024-10-20,americas,sainz,SAI,ferrari,3.0,8.0,0,1,2,18.0
2024,19,United States Grand Prix,2024-10-20,americas,stroll,STR,aston_martin,14.0,15.2,0,0,15,0.0
2024,19,United States Grand Prix,2024-10-20,americas,tsunoda,TSU,rb,11.0,17.0,0,0,14,0.0
2024,19,United States Grand Prix,2024-10-20,americas,zhou,ZHO,sauber,20.0,17.2,0,0,19,0.0
2024,20,Mexico City Grand Prix,2024-10-27,rodriguez,albon,ALB,williams,9.0,13.2,0,0,19,0.0
2024,20,Mexico City Grand Prix,2024-10-27,rodriguez,alonso,ALO,aston_martin,13.0,9.6,0,0,18,0.0
2024,20,Mexico City Grand Prix,2024-10-27,rodriguez,bottas,BOT,sauber,15.0,16.8,0,0,14,0.0
2024,20,Mexico City Grand Prix,2024-10-27,rodriguez,colapinto,COL,williams,16.0,10.25,0,0,12,0.0
2024,20,Mexico City Grand Prix,2024-10-27,rodriguez,gasly,GAS,alpine,8.0,13.0,0,0,10,1.0
2024,20,Mexico City Grand Prix,2024-10-27,rodriguez,hamilton,HAM,mercedes,6.0,9.6,0,0,4,12.0
2024,20,Mexico City Grand Prix,2024-10-27,rodriguez,hulkenberg,HUL,haas,10.0,11.2,0,0,9,2.0
2024,20,Mexico City Grand Prix,2024-10-27,rodriguez,kevin_magnussen,MAG,haas,7.0,14.4,0,0,7,6.0
2024,20,Mexico City Grand Prix,2024-10-27,rodriguez,lawson,LAW,rb,12.0,11.4,0,0,16,0.0
2024,20,Mexico City Grand Prix,2024-10-27,rodriguez,leclerc,LEC,ferrari,4.0,2.4,0,1,3,16.0
2024,20,Mexico City Grand Prix,2024-10-27,rodriguez,max_verstappen,VER,red_bull,2.0,3.6,0,0,6,8.0
2024,20,Mexico City Grand Prix,2024-10-27,rodriguez,norris,NOR,mclaren,3.0,2.6,0,1,2,18.0
2024,20,Mexico City Grand Prix,2024-10-27,rodriguez,ocon,OCO,alpine,19.0,15.0,0,0,13,0.0
2024,20,Mexico City Grand Prix,2024-10-27,rodriguez,perez,PER,red_bull,18.0,9.6,0,0,17,0.0
2024,20,Mexico City Grand Prix,2024-10-27,rodriguez,piastri,PIA,mclaren,17.0,3.0,0,0,8,4.0
2024,20,Mexico City Grand Prix,2024-10-27,rodriguez,russell,RUS,mercedes,5.0,5.4,0,0,5,10.0
2024,20,Mexico City Grand Prix,2024-10-27,rodriguez,sainz,SAI,ferrari,1.0,7.2,1,1,1,25.0
2024,20,Mexico City Grand Prix,2024-10-27,rodriguez,stroll,STR,aston_martin,14.0,16.0,0,0,11,0.0
2024,20,Mexico City Grand Prix,2024-10-27,rodriguez,tsunoda,TSU,rb,11.0,16.6,0,0,20,0.0
2024,20,Mexico City Grand Prix,2024-10-27,rodriguez,zhou,ZHO,sauber,20.0,17.2,0,0,15,0.0
2024,21,São Paulo Grand Prix,2024-11-03,interlagos,albon,ALB,williams,7.0,14.2,0,0,18,0.0
2024,21,São Paulo Grand Prix,2024-11-03,interlagos,alonso,ALO,aston_martin,9.0,11.2,0,0,14,0.0
2024,21,São Paulo Grand Prix,2024-11-03,interlagos,bearman,BEA,haas,17.0,8.5,0,0,12,0.0
2024,21,São Paulo Grand Prix,2024-11-03,interlagos,bottas,BOT,sauber,11.0,15.8,0,0,13,0.0
2024,21,São Paulo Grand Prix,2024-11-03,interlagos,colapinto,COL,williams,18.0,10.6,0,0,17,0.0
2024,21,São Paulo Grand Prix,2024-11-03,interlagos,gasly,GAS,alpine,15.0,13.2,0,1,3,15.0
2024,21,São Paulo Grand Prix,2024-11-03,interlagos,hamilton,HAM,mercedes,16.0,8.8,0,0,10,1.0
2024,21,São Paulo Grand Prix,2024-11-03,interlagos,hulkenberg,HUL,haas,19.0,10.8,0,0,20,0.0
2024,21,São Paulo Grand Prix,2024-11-03,interlagos,lawson,LAW,rb,5.0,12.4,0,0,9,2.0
2024,21,São Paulo Grand Prix,2024-11-03,interlagos,leclerc,LEC,ferrari,6.0,2.4,0,0,5,10.0
2024,21,São Paulo Grand Prix,2024-11-03,interlagos,max_verstappen,VER,red_bull,12.0,4.4,1,1,1,26.0
2024,21,São Paulo Grand Prix,2024-11-03,interlagos,norris,NOR,mclaren,1.0,2.8,0,0,6,8.0
2024,21,São Paulo Grand Prix,2024-11-03,interlagos,ocon,OCO,alpine,4.0,14.6,0,1,2,18.0
2024,21,São Paulo Grand Prix,2024-11-03,interlagos,perez,PER,red_bull,13.0,11.8,0,0,11,0.0
2024,21,São Paulo Grand Prix,2024-11-03,interlagos,piastri,PIA,mclaren,8.0,3.8,0,0,8,4.0
2024,21,São Paulo Grand Prix,2024-11-03,interlagos,russell,RUS,mercedes,2.0,5.0,0,0,4,12.0
2024,21,São Paulo Grand Prix,2024-11-03,interlagos,sainz,SAI,ferrari,14.0,6.4,0,0,16,0.0
2024,21,São Paulo Grand Prix,2024-11-03,interlagos,stroll,STR,aston_martin,10.0,15.6,0,0,19,0.0
2024,21,São Paulo Grand Prix,2024-11-03,interlagos,tsunoda,TSU,rb,3.0,17.2,0,0,7,6.0
2024,21,São Paulo Grand Prix,2024-11-03,interlagos,zhou,ZHO,sauber,20.0,16.2,0,0,15,0.0
2024,22,Las Vegas Grand Prix,2024-11-23,vegas,albon,ALB,williams,18.0,16.0,0,0,19,0.0
2024,22,Las Vegas Grand Prix,2024-11-23,vegas,alonso,ALO,aston_martin,17.0,11.8,0,0,11,0.0
2024,22,Las Vegas Grand Prix,2024-11-23,vegas,bottas,BOT,sauber,19.0,15.2,0,0,18,0.0
2024,22,Las Vegas Grand Prix,2024-11-23,vegas,colapinto,COL,williams,14.0,11.6,0,0,14,0.0
2024,22,Las Vegas Grand Prix,2024-11-23,vegas,gasly,GAS,alpine,3.0,10.8,0,0,20,0.0
2024,22,Las Vegas Grand Prix,2024-11-23,vegas,hamilton,HAM,mercedes,10.0,9.8,0,1,2,18.0
2024,22,Las Vegas Grand Prix,2024-11-23,vegas,hulkenberg,HUL,haas,9.0,11.4,0,0,8,4.0
2024,22,Las Vegas Grand Prix,2024-11-23,vegas,kevin_magnussen,MAG,haas,12.0,13.0,0,0,12,0.0
2024,22,Las Vegas Grand Prix,2024-11-23,vegas,lawson,LAW,rb,15.0,12.4,0,0,16,0.0
2024,22,Las Vegas Grand Prix,2024-11-23,vegas,leclerc,LEC,ferrari,4.0,3.2,0,0,4,12.0
2024,22,Las Vegas Grand Prix,2024-11-23,vegas,max_verstappen,VER,red_bull,5.0,3.4,0,0,5,10.0
2024,22,Las Vegas Grand Prix,2024-11-23,vegas,norris,NOR,mclaren,6.0,3.4,0,0,6,9.0
2024,22,Las Vegas Grand Prix,2024-11-23,vegas,ocon,OCO,alpine,11.0,12.2,0,0,17,0.0
2024,22,Las Vegas Grand Prix,2024-11-23,vegas,perez,PER,red_bull,16.0,12.4,0,0,10,1.0
2024,22,Las Vegas Grand Prix,2024-11-23,vegas,piastri,PIA,mclaren,8.0,5.0,0,0,7,6.0
2024,22,Las Vegas Grand Prix,2024-11-23,vegas,russell,RUS,mercedes,1.0,4.4,1,1,1,25.0
2024,22,Las Vegas Grand Prix,2024-11-23,vegas,sainz,SAI,ferrari,2.0,8.8,0,1,3,15.0
2024,22,Las Vegas Grand Prix,2024-11-23,vegas,stroll,STR,aston_martin,20.0,15.6,0,0,15,0.0
2024,22,Las Vegas Grand Prix,2024-11-23,vegas,tsunoda,TSU,rb,7.0,14.6,0,0,9,2.0
2024,22,Las Vegas Grand Prix,2024-11-23,vegas,zhou,ZHO,sauber,13.0,15.6,0,0,13,0.0
2024,23,Qatar Grand Prix,2024-12-01,losail,albon,ALB,williams,16.0,18.4,0,0,15,0.0
2024,23,Qatar Grand Prix,2024-12-01,losail,alonso,ALO,aston_martin,8.0,12.8,0,0,7,6.0
2024,23,Qatar Grand Prix,2024-12-01,losail,bottas,BOT,sauber,13.0,15.6,0,0,11,0.0
2024,23,Qatar Grand Prix,2024-12-01,losail,colapinto,COL,williams,19.0,12.8,0,0,19,0.0
2024,23,Qatar Grand Prix,2024-12-01,losail,gasly,GAS,alpine,11.0,12.4,0,0,5,10.0
2024,23,Qatar Grand Prix,2024-12-01,losail,hamilton,HAM,mercedes,6.0,8.4,0,0,12,0.0
2024,23,Qatar Grand Prix,2024-12-01,losail,hulkenberg,HUL,haas,18.0,10.8,0,0,16,0.0
2024,23,Qatar Grand Prix,2024-12-01,losail,kevin_magnussen,MAG,haas,10.0,11.8,0,0,9,2.0
2024,23,Qatar Grand Prix,2024-12-01,losail,lawson,LAW,rb,17.0,13.4,0,0,14,0.0
2024,23,Qatar Grand Prix,2024-12-01,losail,leclerc,LEC,ferrari,5.0,3.6,0,1,2,18.0
2024,23,Qatar Grand Prix,2024-12-01,losail,max_verstappen,VER,red_bull,1.0,3.4,1,1,1,25.0
2024,23,Qatar Grand Prix,2024-12-01,losail,norris,NOR,mclaren,3.0,3.8,0,0,10,2.0
2024,23,Qatar Grand Prix,2024-12-01,losail,ocon,OCO,alpine,20.0,12.6,0,0,20,0.0
2024,23,Qatar Grand Prix,2024-12-01,losail,perez,PER,red_bull,9.0,11.0,0,0,17,0.0
2024,23,Qatar Grand Prix,2024-12-01,losail,piastri,PIA,mclaren,4.0,6.2,0,1,3,15.0
2024,23,Qatar Grand Prix,2024-12-01,losail,russell,RUS,mercedes,2.0,4.0,0,0,4,12.0
2024,23,Qatar Grand Prix,2024-12-01,losail,sainz,SAI,ferrari,7.0,5.8,0,0,6,8.0
2024,23,Qatar Grand Prix,2024-12-01,losail,stroll,STR,aston_martin,15.0,14.8,0,0,18,0.0
2024,23,Qatar Grand Prix,2024-12-01,losail,tsunoda,TSU,rb,14.0,12.4,0,0,13,0.0
2024,23,Qatar Grand Prix,2024-12-01,losail,zhou,ZHO,sauber,12.0,15.4,0,0,8,4.0
2024,24,Abu Dhabi Grand Prix,2024-12-08,yas_marina,albon,ALB,williams,16.0,17.4,0,0,11,0.0
2024,24,Abu Dhabi Grand Prix,2024-12-08,yas_marina,alonso,ALO,aston_martin,8.0,12.6,0,0,9,2.0
2024,24,Abu Dhabi Grand Prix,2024-12-08,yas_marina,bottas,BOT,sauber,9.0,14.6,0,0,18,0.0
2024,24,Abu Dhabi Grand Prix,2024-12-08,yas_marina,colapinto,COL,williams,19.0,14.4,0,0,19,0.0
2024,24,Abu Dhabi Grand Prix,2024-12-08,yas_marina,doohan,DOO,alpine,20.0,10.491659350307287,0,0,15,0.0
2024,24,Abu Dhabi Grand Prix,2024-12-08,yas_marina,gasly,GAS,alpine,6.0,10.0,0,0,7,6.0
2024,24,Abu Dhabi Grand Prix,2024-12-08,yas_marina,hamilton,HAM,mercedes,18.0,9.6,0,0,4,12.0
2024,24,Abu Dhabi Grand Prix,2024-12-08,yas_marina,hulkenberg,HUL,haas,4.0,12.2,0,0,8,4.0
2024,24,Abu Dhabi Grand Prix,2024-12-08,yas_marina,kevin_magnussen,MAG,haas,15.0,11.6,0,0,16,0.0
2024,24,Abu Dhabi Grand Prix,2024-12-08,yas_marina,lawson,LAW,rb,12.0,12.8,0,0,17,0.0
2024,24,Abu Dhabi Grand Prix,2024-12-08,yas_marina,leclerc,LEC,ferrari,14.0,3.0,0,1,3,15.0
2024,24,Abu Dhabi Grand Prix,2024-12-08,yas_marina,max_verstappen,VER,red_bull,5.0,3.2,0,0,6,8.0
2024,24,Abu Dhabi Grand Prix,2024-12-08,yas_marina,norris,NOR,mclaren,1.0,5.6,1,1,1,25.0
2024,24,Abu Dhabi Grand Prix,2024-12-08,yas_marina,perez,PER,red_bull,10.0,12.4,0,0,20,0.0
2024,24,Abu Dhabi Grand Prix,2024-12-08,yas_marina,piastri,PIA,mclaren,2.0,6.2,0,0,10,1.0
2024,24,Abu Dhabi Grand Prix,2024-12-08,yas_marina,russell,RUS,mercedes,7.0,4.0,0,0,5,10.0
2024,24,Abu Dhabi Grand Prix,2024-12-08,yas_marina,sainz,SAI,ferrari,3.0,5.6,0,1,2,18.0
2024,24,Abu Dhabi Grand Prix,2024-12-08,yas_marina,stroll,STR,aston_martin,13.0,15.6,0,0,14,0.0
2024,24,Abu Dhabi Grand Prix,2024-12-08,yas_marina,tsunoda,TSU,rb,11.0,12.6,0,0,12,0.0
2024,24,Abu Dhabi Grand Prix,2024-12-08,yas_marina,zhou,ZHO,sauber,17.0,14.0,0,0,13,0.0
2025,1,Australian Grand Prix,2025-03-16,albert_park,albon,ALB,williams,6.0,16.4,0,0,5,10.0
2025,1,Australian Grand Prix,2025-03-16,albert_park,alonso,ALO,aston_martin,12.0,11.8,0,0,17,0.0
2025,1,Australian Grand Prix,2025-03-16,albert_park,antonelli,ANT,mercedes,16.0,10.491659350307287,0,0,4,12.0
2025,1,Australian Grand Prix,2025-03-16,albert_park,bearman,BEA,haas,20.0,9.666666666666666,0,0,14,0.0
2025,1,Australian Grand Prix,2025-03-16,albert_park,bortoleto,BOR,sauber,15.0,10.491659350307287,0,0,16,0.0
2025,1,Australian Grand Prix,2025-03-16,albert_park,doohan,DOO,alpine,14.0,15.0,0,0,19,0.0
2025,1,Australian Grand Prix,2025-03-16,albert_park,gasly,GAS,alpine,9.0,9.0,0,0,11,0.0
2025,1,Australian Grand Prix,2025-03-16,albert_park,hadjar,HAD,rb,11.0,10.491659350307287,0,0,20,0.0
2025,1,Australian Grand Prix,2025-03-16,albert_park,hamilton,HAM,ferrari,8.0,6.4,0,0,10,1.0
2025,1,Australian Grand Prix,2025-03-16,albert_park,hulkenberg,HUL,sauber,17.0,12.2,0,0,7,6.0
2025,1,Australian Grand Prix,2025-03-16,albert_park,lawson,LAW,red_bull,18.0,14.4,0,0,15,0.0
2025,1,Australian Grand Prix,2025-03-16,albert_park,leclerc,LEC,ferrari,7.0,3.4,0,0,8,4.0
2025,1,Australian Grand Prix,2025-03-16,albert_park,max_verstappen,VER,red_bull,3.0,3.8,0,1,2,18.0
2025,1,Australian Grand Prix,2025-03-16,albert_park,norris,NOR,mclaren,1.0,5.0,1,1,1,25.0
2025,1,Australian Grand Prix,2025-03-16,albert_park,ocon,OCO,haas,19.0,14.0,0,0,13,0.0
2025,1,Australian Grand Prix,2025-03-16,albert_park,piastri,PIA,mclaren,2.0,7.2,0,0,9,2.0
2025,1,Australian Grand Prix,2025-03-16,albert_park,russell,RUS,mercedes,4.0,3.8,0,1,3,15.0
2025,1,Australian Grand Prix,2025-03-16,albert_park,sainz,SAI,williams,10.0,5.6,0,0,18,0.0
2025,1,Australian Grand Prix,2025-03-16,albert_park,stroll,STR,aston_martin,13.0,15.4,0,0,6,8.0
2025,1,Australian Grand Prix,2025-03-16,albert_park,tsunoda,TSU,rb,5.0,12.2,0,0,12,0.0
2025,2,Chinese Grand Prix,2025-03-23,shanghai,albon,ALB,williams,10.0,13.6,0,0,7,6.0
2025,2,Chinese Grand Prix,2025-03-23,shanghai,alonso,ALO,aston_martin,13.0,11.6,0,0,17,0.0
2025,2,Chinese Grand Prix,2025-03-23,shanghai,antonelli,ANT,mercedes,8.0,4.0,0,0,6,8.0
2025,2,Chinese Grand Prix,2025-03-23,shanghai,bearman,BEA,haas,17.0,10.75,0,0,8,4.0
2025,2,Chinese Grand Prix,2025-03-23,shanghai,bortoleto,BOR,sauber,19.0,16.0,0,0,14,0.0
2025,2,Chinese Grand Prix,2025-03-23,shanghai,doohan,DOO,alpine,18.0,17.0,0,0,13,0.0
2025,2,Chinese Grand Prix,2025-03-23,shanghai,gasly,GAS,alpine,16.0,9.2,0,0,20,0.0
2025,2,Chinese Grand Prix,2025-03-23,shanghai,hadjar,HAD,rb,7.0,20.0,0,0,11,0.0
2025,2,Chinese Grand Prix,2025-03-23,shanghai,hamilton,HAM,ferrari,5.0,7.6,0,0,19,0.0
2025,2,Chinese Grand Prix,2025-03-23,shanghai,hulkenberg,HUL,sauber,12.0,11.8,0,0,15,0.0
2025,2,Chinese Grand Prix,2025-03-23,shanghai,lawson,LAW,red_bull,20.0,14.2,0,0,12,0.0
2025,2,Chinese Grand Prix,2025-03-23,shanghai,leclerc,LEC,ferrari,6.0,4.4,0,0,18,0.0
2025,2,Chinese Grand Prix,2025-03-23,shanghai,max_verstappen,VER,red_bull,4.0,3.0,0,0,4,12.0
2025,2,Chinese Grand Prix,2025-03-23,shanghai,norris,NOR,mclaren,3.0,4.8,0,1,2,18.0
2025,2,Chinese Grand Prix,2025-03-23,shanghai,ocon,OCO,haas,11.0,13.0,0,0,5,10.0
2025,2,Chinese Grand Prix,2025-03-23,shanghai,piastri,PIA,mclaren,1.0,7.4,1,1,1,25.0
2025,2,Chinese Grand Prix,2025-03-23,shanghai,russell,RUS,mercedes,2.0,3.4,0,1,3,15.0
2025,2,Chinese Grand Prix,2025-03-23,shanghai,sainz,SAI,williams,15.0,9.0,0,0,10,1.0
2025,2,Chinese Grand Prix,2025-03-23,shanghai,stroll,STR,aston_martin,14.0,14.4,0,0,9,2.0
2025,2,Chinese Grand Prix,2025-03-23,shanghai,tsunoda,TSU,rb,9.0,10.6,0,0,16,0.0
2025,3,Japanese Grand Prix,2025-04-06,suzuka,albon,ALB,williams,9.0,11.4,0,0,9,2.0
2025,3,Japanese Grand Prix,2025-04-06,suzuka,alonso,ALO,aston_martin,13.0,12.2,0,0,11,0.0
2025,3,Japanese Grand Prix,2025-04-06,suzuka,antonelli,ANT,mercedes,6.0,5.0,0,0,6,8.0
2025,3,Japanese Grand Prix,2025-04-06,suzuka,bearman,BEA,haas,10.0,10.2,0,0,10,1.0
2025,3,Japanese Grand Prix,2025-04-06,suzuka,bortoleto,BOR,sauber,17.0,15.0,0,0,19,0.0
2025,3,Japanese Grand Prix,2025-04-06,suzuka,doohan,DOO,alpine,19.0,15.666666666666666,0,0,15,0.0
2025,3,Japanese Grand Prix,2025-04-06,suzuka,gasly,GAS,alpine,11.0,12.6,0,0,13,0.0
2025,3,Japanese Grand Prix,2025-04-06,suzuka,hadjar,HAD,rb,7.0,15.5,0,0,8,4.0
2025,3,Japanese Grand Prix,2025-04-06,suzuka,hamilton,HAM,ferrari,8.0,9.4,0,0,7,6.0
2025,3,Japanese Grand Prix,2025-04-06,suzuka,hulkenberg,HUL,sauber,16.0,10.8,0,0,16,0.0
2025,3,Japanese Grand Prix,2025-04-06,suzuka,lawson,LAW,rb,14.0,14.8,0,0,17,0.0
2025,3,Japanese Grand Prix,2025-04-06,suzuka,leclerc,LEC,ferrari,4.0,7.0,0,0,4,12.0
2025,3,Japanese Grand Prix,2025-04-06,suzuka,max_verstappen,VER,red_bull,1.0,3.6,1,1,1,25.0
2025,3,Japanese Grand Prix,2025-04-06,suzuka,norris,NOR,mclaren,2.0,4.0,0,1,2,18.0
2025,3,Japanese Grand Prix,2025-04-06,suzuka,ocon,OCO,haas,18.0,11.4,0,0,18,0.0
2025,3,Japanese Grand Prix,2025-04-06,suzuka,piastri,PIA,mclaren,3.0,6.0,0,1,3,15.0
2025,3,Japanese Grand Prix,2025-04-06,suzuka,russell,RUS,mercedes,5.0,3.2,0,0,5,10.0
2025,3,Japanese Grand Prix,2025-04-06,suzuka,sainz,SAI,williams,12.0,7.8,0,0,14,0.0
2025,3,Japanese Grand Prix,2025-04-06,suzuka,stroll,STR,aston_martin,20.0,12.4,0,0,20,0.0
2025,3,Japanese Grand Prix,2025-04-06,suzuka,tsunoda,TSU,red_bull,15.0,12.4,0,0,12,0.0
2025,4,Bahrain Grand Prix,2025-04-13,bahrain,albon,ALB,williams,15.0,9.4,0,0,12,0.0
2025,4,Bahrain Grand Prix,2025-04-13,bahrain,alonso,ALO,aston_martin,13.0,12.2,0,0,15,0.0
2025,4,Bahrain Grand Prix,2025-04-13,bahrain,antonelli,ANT,mercedes,4.0,5.333333333333333,0,0,11,0.0
2025,4,Bahrain Grand Prix,2025-04-13,bahrain,bearman,BEA,haas,20.0,10.8,0,0,10,1.0
2025,4,Bahrain Grand Prix,2025-04-13,bahrain,bortoleto,BOR,sauber,18.0,16.333333333333332,0,0,18,0.0
2025,4,Bahrain Grand Prix,2025-04-13,bahrain,doohan,DOO,alpine,11.0,15.5,0,0,14,0.0
2025,4,Bahrain Grand Prix,2025-04-13,bahrain,gasly,GAS,alpine,5.0,11.2,0,0,7,6.0
2025,4,Bahrain Grand Prix,2025-04-13,bahrain,hadjar,HAD,rb,12.0,13.0,0,0,13,0.0
2025,4,Bahrain Grand Prix,2025-04-13,bahrain,hamilton,HAM,ferrari,9.0,10.4,0,0,5,10.0
2025,4,Bahrain Grand Prix,2025-04-13,bahrain,hulkenberg,HUL,sauber,16.0,12.4,0,0,20,0.0
2025,4,Bahrain Grand Prix,2025-04-13,bahrain,lawson,LAW,rb,17.0,15.0,0,0,16,0.0
2025,4,Bahrain Grand Prix,2025-04-13,bahrain,leclerc,LEC,ferrari,3.0,7.0,0,0,4,12.0
2025,4,Bahrain Grand Prix,2025-04-13,bahrain,max_verstappen,VER,red_bull,7.0,2.8,0,0,6,8.0
2025,4,Bahrain Grand Prix,2025-04-13,bahrain,norris,NOR,mclaren,6.0,3.2,0,1,3,15.0
2025,4,Bahrain Grand Prix,2025-04-13,bahrain,ocon,OCO,haas,14.0,14.6,0,0,8,4.0
2025,4,Bahrain Grand Prix,2025-04-13,bahrain,piastri,PIA,mclaren,1.0,5.2,1,1,1,25.0
2025,4,Bahrain Grand Prix,2025-04-13,bahrain,russell,RUS,mercedes,2.0,4.0,0,1,2,18.0
2025,4,Bahrain Grand Prix,2025-04-13,bahrain,sainz,SAI,williams,8.0,10.0,0,0,19,0.0
2025,4,Bahrain Grand Prix,2025-04-13,bahrain,stroll,STR,aston_martin,19.0,13.4,0,0,17,0.0
2025,4,Bahrain Grand Prix,2025-04-13,bahrain,tsunoda,TSU,red_bull,10.0,13.0,0,0,9,2.0
2025,5,Saudi Arabian Grand Prix,2025-04-20,jeddah,albon,ALB,williams,11.0,8.8,0,0,9,2.0
2025,5,Saudi Arabian Grand Prix,2025-04-20,jeddah,alonso,ALO,aston_martin,13.0,13.8,0,0,11,0.0
2025,5,Saudi Arabian Grand Prix,2025-04-20,jeddah,antonelli,ANT,mercedes,5.0,6.75,0,0,6,8.0
2025,5,Saudi Arabian Grand Prix,2025-04-20,jeddah,bearman,BEA,haas,15.0,10.8,0,0,13,0.0
2025,5,Saudi Arabian Grand Prix,2025-04-20,jeddah,bortoleto,BOR,sauber,20.0,16.75,0,0,18,0.0
2025,5,Saudi Arabian Grand Prix,2025-04-20,jeddah,doohan,DOO,alpine,17.0,15.2,0,0,17,0.0
2025,5,Saudi Arabian Grand Prix,2025-04-20,jeddah,gasly,GAS,alpine,9.0,11.6,0,0,20,0.0
2025,5,Saudi Arabian Grand Prix,2025-04-20,jeddah,hadjar,HAD,rb,14.0,13.0,0,0,10,1.0
2025,5,Saudi Arabian Grand Prix,2025-04-20,jeddah,hamilton,HAM,ferrari,7.0,9.0,0,0,7,6.0
2025,5,Saudi Arabian Grand Prix,2025-04-20,jeddah,hulkenberg,HUL,sauber,18.0,13.2,0,0,15,0.0
2025,5,Saudi Arabian Grand Prix,2025-04-20,jeddah,lawson,LAW,rb,12.0,15.4,0,0,12,0.0
2025,5,Saudi Arabian Grand Prix,2025-04-20,jeddah,leclerc,LEC,ferrari,4.0,7.4,0,1,3,15.0
2025,5,Saudi Arabian Grand Prix,2025-04-20,jeddah,max_verstappen,VER,red_bull,1.0,3.8,0,1,2,18.0
2025,5,Saudi Arabian Grand Prix,2025-04-20,jeddah,norris,NOR,mclaren,10.0,1.8,0,0,4,12.0
2025,5,Saudi Arabian Grand Prix,2025-04-20,jeddah,ocon,OCO,haas,19.0,12.8,0,0,14,0.0
2025,5,Saudi Arabian Grand Prix,2025-04-20,jeddah,piastri,PIA,mclaren,2.0,4.8,1,1,1,25.0
2025,5,Saudi Arabian Grand Prix,2025-04-20,jeddah,russell,RUS,mercedes,3.0,3.6,0,0,5,10.0
2025,5,Saudi Arabian Grand Prix,2025-04-20,jeddah,sainz,SAI,williams,6.0,12.6,0,0,8,4.0
2025,5,Saudi Arabian Grand Prix,2025-04-20,jeddah,stroll,STR,aston_martin,16.0,13.2,0,0,16,0.0
2025,5,Saudi Arabian Grand Prix,2025-04-20,jeddah,tsunoda,TSU,red_bull,8.0,12.2,0,0,19,0.0
2025,6,Miami Grand Prix,2025-05-04,miami,albon,ALB,williams,7.0,8.4,0,0,5,10.0
2025,6,Miami Grand Prix,2025-05-04,miami,alonso,ALO,aston_martin,17.0,14.2,0,0,15,0.0
2025,6,Miami Grand Prix,2025-05-04,miami,antonelli,ANT,mercedes,3.0,6.6,0,0,6,8.0
2025,6,Miami Grand Prix,2025-05-04,miami,bearman,BEA,haas,20.0,11.0,0,0,19,0.0
2025,6,Miami Grand Prix,2025-05-04,miami,bortoleto,BOR,sauber,13.0,17.0,0,0,18,0.0
2025,6,Miami Grand Prix,2025-05-04,miami,doohan,DOO,alpine,14.0,15.6,0,0,20,0.0
2025,6,Miami Grand Prix,2025-05-04,miami,gasly,GAS,alpine,18.0,14.2,0,0,13,0.0
2025,6,Miami Grand Prix,2025-05-04,miami,hadjar,HAD,rb,11.0,12.4,0,0,11,0.0
2025,6,Miami Grand Prix,2025-05-04,miami,hamilton,HAM,ferrari,12.0,9.6,0,0,8,4.0
2025,6,Miami Grand Prix,2025-05-04,miami,hulkenberg,HUL,sauber,16.0,14.6,0,0,14,0.0
2025,6,Miami Grand Prix,2025-05-04,miami,lawson,LAW,rb,15.0,14.4,0,0,17,0.0
2025,6,Miami Grand Prix,2025-05-04,miami,leclerc,LEC,ferrari,8.0,7.4,0,0,7,6.0
2025,6,Miami Grand Prix,2025-05-04,miami,max_verstappen,VER,red_bull,1.0,3.0,0,0,4,12.0
2025,6,Miami Grand Prix,2025-05-04,miami,norris,NOR,mclaren,2.0,2.4,0,1,2,18.0
2025,6,Miami Grand Prix,2025-05-04,miami,ocon,OCO,haas,9.0,11.6,0,0,12,0.0
2025,6,Miami Grand Prix,2025-05-04,miami,piastri,PIA,mclaren,4.0,3.0,1,1,1,25.0
2025,6,Miami Grand Prix,2025-05-04,miami,russell,RUS,mercedes,5.0,3.6,0,1,3,15.0
2025,6,Miami Grand Prix,2025-05-04,miami,sainz,SAI,williams,6.0,13.8,0,0,9,2.0
2025,6,Miami Grand Prix,2025-05-04,miami,stroll,STR,aston_martin,19.0,13.6,0,0,16,0.0
2025,6,Miami Grand Prix,2025-05-04,miami,tsunoda,TSU,red_bull,10.0,13.6,0,0,10,1.0
2025,7,Emilia Romagna Grand Prix,2025-05-18,imola,albon,ALB,williams,7.0,8.4,0,0,5,10.0
2025,7,Emilia Romagna Grand Prix,2025-05-18,imola,alonso,ALO,aston_martin,5.0,13.8,0,0,11,0.0
2025,7,Emilia Romagna Grand Prix,2025-05-18,imola,antonelli,ANT,mercedes,13.0,7.0,0,0,19,0.0
2025,7,Emilia Romagna Grand Prix,2025-05-18,imola,bearman,BEA,haas,19.0,12.0,0,0,17,0.0
2025,7,Emilia Romagna Grand Prix,2025-05-18,imola,bortoleto,BOR,sauber,14.0,17.4,0,0,18,0.0
2025,7,Emilia Romagna Grand Prix,2025-05-18,imola,colapinto,COL,alpine,15.0,16.2,0,0,16,0.0
2025,7,Emilia Romagna Grand Prix,2025-05-18,imola,gasly,GAS,alpine,10.0,14.6,0,0,13,0.0
2025,7,Emilia Romagna Grand Prix,2025-05-18,imola,hadjar,HAD,rb,9.0,10.6,0,0,9,2.0
2025,7,Emilia Romagna Grand Prix,2025-05-18,imola,hamilton,HAM,ferrari,12.0,9.2,0,0,4,12.0
2025,7,Emilia Romagna Grand Prix,2025-05-18,imola,hulkenberg,HUL,sauber,17.0,16.0,0,0,12,0.0
2025,7,Emilia Romagna Grand Prix,2025-05-18,imola,lawson,LAW,rb,16.0,14.8,0,0,14,0.0
2025,7,Emilia Romagna Grand Prix,2025-05-18,imola,leclerc,LEC,ferrari,11.0,7.2,0,0,6,8.0
2025,7,Emilia Romagna Grand Prix,2025-05-18,imola,max_verstappen,VER,red_bull,2.0,3.4,1,1,1,25.0
2025,7,Emilia Romagna Grand Prix,2025-05-18,imola,norris,NOR,mclaren,4.0,2.6,0,1,2,18.0
2025,7,Emilia Romagna Grand Prix,2025-05-18,imola,ocon,OCO,haas,18.0,11.4,0,0,20,0.0
2025,7,Emilia Romagna Grand Prix,2025-05-18,imola,piastri,PIA,mclaren,1.0,1.4,0,1,3,15.0
2025,7,Emilia Romagna Grand Prix,2025-05-18,imola,russell,RUS,mercedes,3.0,3.6,0,0,7,6.0
2025,7,Emilia Romagna Grand Prix,2025-05-18,imola,sainz,SAI,williams,6.0,12.0,0,0,8,4.0
2025,7,Emilia Romagna Grand Prix,2025-05-18,imola,stroll,STR,aston_martin,8.0,15.6,0,0,15,0.0
2025,7,Emilia Romagna Grand Prix,2025-05-18,imola,tsunoda,TSU,red_bull,20.0,13.2,0,0,10,1.0
2025,8,Monaco Grand Prix,2025-05-25,monaco,albon,ALB,williams,10.0,8.0,0,0,9,2.0
2025,8,Monaco Grand Prix,2025-05-25,monaco,alonso,ALO,aston_martin,7.0,12.6,0,0,19,0.0
2025,8,Monaco Grand Prix,2025-05-25,monaco,antonelli,ANT,mercedes,15.0,9.6,0,0,18,0.0
2025,8,Monaco Grand Prix,2025-05-25,monaco,bearman,BEA,haas,17.0,13.8,0,0,12,0.0
2025,8,Monaco Grand Prix,2025-05-25,monaco,bortoleto,BOR,sauber,16.0,18.2,0,0,14,0.0
2025,8,Monaco Grand Prix,2025-05-25,monaco,colapinto,COL,alpine,20.0,17.0,0,0,13,0.0
2025,8,Monaco Grand Prix,2025-05-25,monaco,gasly,GAS,alpine,18.0,13.2,0,0,20,0.0
2025,8,Monaco Grand Prix,2025-05-25,monaco,hadjar,HAD,rb,6.0,10.2,0,0,6,8.0
2025,8,Monaco Grand Prix,2025-05-25,monaco,hamilton,HAM,ferrari,4.0,6.2,0,0,5,10.0
2025,8,Monaco Grand Prix,2025-05-25,monaco,hulkenberg,HUL,sauber,13.0,15.4,0,0,16,0.0
2025,8,Monaco Grand Prix,2025-05-25,monaco,lawson,LAW,rb,9.0,15.2,0,0,8,4.0
2025,8,Monaco Grand Prix,2025-05-25,monaco,leclerc,LEC,ferrari,2.0,4.8,0,1,2,18.0
2025,8,Monaco Grand Prix,2025-05-25,monaco,max_verstappen,VER,red_bull,5.0,2.8,0,0,4,12.0
2025,8,Monaco Grand Prix,2025-05-25,monaco,norris,NOR,mclaren,1.0,2.6,1,1,1,25.0
2025,8,Monaco Grand Prix,2025-05-25,monaco,ocon,OCO,haas,8.0,14.4,0,0,7,6.0
2025,8,Monaco Grand Prix,2025-05-25,monaco,piastri,PIA,mclaren,3.0,1.8,0,1,3,15.0
2025,8,Monaco Grand Prix,2025-05-25,monaco,russell,RUS,mercedes,14.0,4.4,0,0,11,0.0
2025,8,Monaco Grand Prix,2025-05-25,monaco,sainz,SAI,williams,11.0,11.6,0,0,10,1.0
2025,8,Monaco Grand Prix,2025-05-25,monaco,stroll,STR,aston_martin,19.0,16.8,0,0,15,0.0
2025,8,Monaco Grand Prix,2025-05-25,monaco,tsunoda,TSU,red_bull,12.0,12.0,0,0,17,0.0
2025,9,Spanish Grand Prix,2025-06-01,catalunya,albon,ALB,williams,11.0,8.0,0,0,19,0.0
2025,9,Spanish Grand Prix,2025-06-01,catalunya,alonso,ALO,aston_martin,10.0,14.2,0,0,9,2.0
2025,9,Spanish Grand Prix,2025-06-01,catalunya,antonelli,ANT,mercedes,6.0,12.0,0,0,18,0.0
2025,9,Spanish Grand Prix,2025-06-01,catalunya,bearman,BEA,haas,15.0,14.2,0,0,17,0.0
2025,9,Spanish Grand Prix,2025-06-01,catalunya,bortoleto,BOR,sauber,12.0,17.2,0,0,12,0.0
2025,9,Spanish Grand Prix,2025-06-01,catalunya,colapinto,COL,alpine,19.0,16.2,0,0,15,0.0
2025,9,Spanish Grand Prix,2025-06-01,catalunya,gasly,GAS,alpine,8.0,14.6,0,0,8,4.0
2025,9,Spanish Grand Prix,2025-06-01,catalunya,hadjar,HAD,rb,9.0,9.8,0,0,7,6.0
2025,9,Spanish Grand Prix,2025-06-01,catalunya,hamilton,HAM,ferrari,5.0,5.8,0,0,6,8.0
2025,9,Spanish Grand Prix,2025-06-01,catalunya,hulkenberg,HUL,sauber,16.0,15.4,0,0,5,10.0
2025,9,Spanish Grand Prix,2025-06-01,catalunya,lawson,LAW,rb,13.0,13.4,0,0,11,0.0
2025,9,Spanish Grand Prix,2025-06-01,catalunya,leclerc,LEC,ferrari,7.0,4.4,0,1,3,15.0
2025,9,Spanish Grand Prix,2025-06-01,catalunya,max_verstappen,VER,red_bull,3.0,3.4,0,0,10,1.0
2025,9,Spanish Grand Prix,2025-06-01,catalunya,norris,NOR,mclaren,2.0,2.4,0,1,2,18.0
2025,9,Spanish Grand Prix,2025-06-01,catalunya,ocon,OCO,haas,17.0,12.2,0,0,16,0.0
2025,9,Spanish Grand Prix,2025-06-01,catalunya,piastri,PIA,mclaren,1.0,1.8,1,1,1,25.0
2025,9,Spanish Grand Prix,2025-06-01,catalunya,russell,RUS,mercedes,4.0,5.6,0,0,4,12.0
2025,9,Spanish Grand Prix,2025-06-01,catalunya,sainz,SAI,williams,18.0,10.8,0,0,14,0.0
2025,9,Spanish Grand Prix,2025-06-01,catalunya,tsunoda,TSU,red_bull,20.0,13.0,0,0,13,0.0
2025,10,Canadian Grand Prix,2025-06-15,villeneuve,albon,ALB,williams,10.0,9.4,0,0,20,0.0
2025,10,Canadian Grand Prix,2025-06-15,villeneuve,alonso,ALO,aston_martin,6.0,13.0,0,0,7,6.0
2025,10,Canadian Grand Prix,2025-06-15,villeneuve,antonelli,ANT,mercedes,4.0,13.4,0,1,3,15.0
2025,10,Canadian Grand Prix,2025-06-15,villeneuve,bearman,BEA,haas,14.0,15.6,0,0,11,0.0
2025,10,Canadian Grand Prix,2025-06-15,villeneuve,bortoleto,BOR,sauber,16.0,16.0,0,0,14,0.0
2025,10,Canadian Grand Prix,2025-06-15,villeneuve,colapinto,COL,alpine,12.0,16.4,0,0,13,0.0
2025,10,Canadian Grand Prix,2025-06-15,villeneuve,gasly,GAS,alpine,20.0,14.8,0,0,15,0.0
2025,10,Canadian Grand Prix,2025-06-15,villeneuve,hadjar,HAD,rb,9.0,8.6,0,0,16,0.0
2025,10,Canadian Grand Prix,2025-06-15,villeneuve,hamilton,HAM,ferrari,5.0,6.0,0,0,6,8.0
2025,10,Canadian Grand Prix,2025-06-15,villeneuve,hulkenberg,HUL,sauber,13.0,12.4,0,0,8,4.0
2025,10,Canadian Grand Prix,2025-06-15,villeneuve,lawson,LAW,rb,19.0,12.4,0,0,19,0.0
2025,10,Canadian Grand Prix,2025-06-15,villeneuve,leclerc,LEC,ferrari,8.0,4.2,0,0,5,10.0
2025,10,Canadian Grand Prix,2025-06-15,villeneuve,max_verstappen,VER,red_bull,2.0,4.2,0,1,2,18.0
2025,10,Canadian Grand Prix,2025-06-15,villeneuve,norris,NOR,mclaren,7.0,2.2,0,0,18,0.0
2025,10,Canadian Grand Prix,2025-06-15,villeneuve,ocon,OCO,haas,15.0,13.8,0,0,9,2.0
2025,10,Canadian Grand Prix,2025-06-15,villeneuve,piastri,PIA,mclaren,3.0,1.8,0,0,4,12.0
2025,10,Canadian Grand Prix,2025-06-15,villeneuve,russell,RUS,mercedes,1.0,6.0,1,1,1,25.0
2025,10,Canadian Grand Prix,2025-06-15,villeneuve,sainz,SAI,williams,17.0,9.8,0,0,10,1.0
2025,10,Canadian Grand Prix,2025-06-15,villeneuve,stroll,STR,aston_martin,18.0,15.8,0,0,17,0.0
2025,10,Canadian Grand Prix,2025-06-15,villeneuve,tsunoda,TSU,red_bull,11.0,13.8,0,0,12,0.0
2025,11,Austrian Grand Prix,2025-06-29,red_bull_ring,albon,ALB,williams,12.0,11.6,0,0,17,0.0
2025,11,Austrian Grand Prix,2025-06-29,red_bull_ring,alonso,ALO,aston_martin,11.0,12.2,0,0,7,6.0
2025,11,Austrian Grand Prix,2025-06-29,red_bull_ring,antonelli,ANT,mercedes,9.0,12.8,0,0,19,0.0
2025,11,Austrian Grand Prix,2025-06-29,red_bull_ring,bearman,BEA,haas,15.0,15.2,0,0,11,0.0
2025,11,Austrian Grand Prix,2025-06-29,red_bull_ring,bortoleto,BOR,sauber,8.0,15.2,0,0,8,4.0
2025,11,Austrian Grand Prix,2025-06-29,red_bull_ring,colapinto,COL,alpine,14.0,15.2,0,0,15,0.0
2025,11,Austrian Grand Prix,2025-06-29,red_bull_ring,gasly,GAS,alpine,10.0,13.8,0,0,13,0.0
2025,11,Austrian Grand Prix,2025-06-29,red_bull_ring,hadjar,HAD,rb,13.0,9.8,0,0,12,0.0
2025,11,Austrian Grand Prix,2025-06-29,red_bull_ring,hamilton,HAM,ferrari,4.0,5.8,0,0,4,12.0
2025,11,Austrian Grand Prix,2025-06-29,red_bull_ring,hulkenberg,HUL,sauber,20.0,11.0,0,0,9,2.0
2025,11,Austrian Grand Prix,2025-06-29,red_bull_ring,lawson,LAW,rb,6.0,13.8,0,0,6,8.0
2025,11,Austrian Grand Prix,2025-06-29,red_bull_ring,leclerc,LEC,ferrari,2.0,4.6,0,1,3,15.0
2025,11,Austrian Grand Prix,2025-06-29,red_bull_ring,max_verstappen,VER,red_bull,7.0,4.2,0,0,18,0.0
2025,11,Austrian Grand Prix,2025-06-29,red_bull_ring,norris,NOR,mclaren,1.0,5.0,1,1,1,25.0
2025,11,Austrian Grand Prix,2025-06-29,red_bull_ring,ocon,OCO,haas,17.0,12.8,0,0,10,1.0
2025,11,Austrian Grand Prix,2025-06-29,red_bull_ring,piastri,PIA,mclaren,3.0,2.4,0,1,2,18.0
2025,11,Austrian Grand Prix,2025-06-29,red_bull_ring,russell,RUS,mercedes,5.0,5.2,0,0,5,10.0
2025,11,Austrian Grand Prix,2025-06-29,red_bull_ring,sainz,SAI,williams,19.0,10.2,0,0,20,0.0
2025,11,Austrian Grand Prix,2025-06-29,red_bull_ring,stroll,STR,aston_martin,16.0,15.8,0,0,14,0.0
2025,11,Austrian Grand Prix,2025-06-29,red_bull_ring,tsunoda,TSU,red_bull,18.0,12.4,0,0,16,0.0
2025,12,British Grand Prix,2025-07-06,silverstone,albon,ALB,williams,14.0,14.0,0,0,8,4.0
2025,12,British Grand Prix,2025-07-06,silverstone,alonso,ALO,aston_martin,9.0,10.6,0,0,9,2.0
2025,12,British Grand Prix,2025-07-06,silverstone,antonelli,ANT,mercedes,7.0,15.4,0,0,16,0.0
2025,12,British Grand Prix,2025-07-06,silverstone,bearman,BEA,haas,8.0,13.6,0,0,11,0.0
2025,12,British Grand Prix,2025-07-06,silverstone,bortoleto,BOR,sauber,17.0,13.2,0,0,18,0.0
2025,12,British Grand Prix,2025-07-06,silverstone,colapinto,COL,alpine,20.0,14.4,0,0,20,0.0
2025,12,British Grand Prix,2025-07-06,silverstone,gasly,GAS,alpine,10.0,13.8,0,0,6,8.0
2025,12,British Grand Prix,2025-07-06,silverstone,hadjar,HAD,rb,13.0,10.0,0,0,17,0.0
2025,12,British Grand Prix,2025-07-06,silverstone,hamilton,HAM,ferrari,5.0,5.0,0,0,4,12.0
2025,12,British Grand Prix,2025-07-06,silverstone,hulkenberg,HUL,sauber,19.0,10.0,0,1,3,15.0
2025,12,British Grand Prix,2025-07-06,silverstone,lawson,LAW,rb,16.0,11.6,0,0,19,0.0
2025,12,British Grand Prix,2025-07-06,silverstone,leclerc,LEC,ferrari,6.0,3.8,0,0,14,0.0
2025,12,British Grand Prix,2025-07-06,silverstone,max_verstappen,VER,red_bull,1.0,7.0,0,0,5,10.0
2025,12,British Grand Prix,2025-07-06,silverstone,norris,NOR,mclaren,3.0,4.8,1,1,1,25.0
2025,12,British Grand Prix,2025-07-06,silverstone,ocon,OCO,haas,15.0,12.4,0,0,13,0.0
2025,12,British Grand Prix,2025-07-06,silverstone,piastri,PIA,mclaren,2.0,2.6,0,1,2,18.0
2025,12,British Grand Prix,2025-07-06,silverstone,russell,RUS,mercedes,4.0,5.6,0,0,10,1.0
2025,12,British Grand Prix,2025-07-06,silverstone,sainz,SAI,williams,11.0,12.4,0,0,12,0.0
2025,12,British Grand Prix,2025-07-06,silverstone,stroll,STR,aston_martin,18.0,15.4,0,0,7,6.0
2025,12,British Grand Prix,2025-07-06,silverstone,tsunoda,TSU,red_bull,12.0,13.6,0,0,15,0.0
2025,13,Belgian Grand Prix,2025-07-27,spa,albon,ALB,williams,5.0,14.6,0,0,6,8.0
2025,13,Belgian Grand Prix,2025-07-27,spa,alonso,ALO,aston_martin,19.0,10.2,0,0,17,0.0
2025,13,Belgian Grand Prix,2025-07-27,spa,antonelli,ANT,mercedes,18.0,14.8,0,0,16,0.0
2025,13,Belgian Grand Prix,2025-07-27,spa,bearman,BEA,haas,12.0,12.4,0,0,11,0.0
2025,13,Belgian Grand Prix,2025-07-27,spa,bortoleto,BOR,sauber,10.0,13.2,0,0,9,2.0
2025,13,Belgian Grand Prix,2025-07-27,spa,colapinto,COL,alpine,17.0,15.2,0,0,19,0.0
2025,13,Belgian Grand Prix,2025-07-27,spa,gasly,GAS,alpine,13.0,12.4,0,0,10,1.0
2025,13,Belgian Grand Prix,2025-07-27,spa,hadjar,HAD,rb,8.0,11.6,0,0,20,0.0
2025,13,Belgian Grand Prix,2025-07-27,spa,hamilton,HAM,ferrari,16.0,5.0,0,0,7,6.0
2025,13,Belgian Grand Prix,2025-07-27,spa,hulkenberg,HUL,sauber,14.0,8.2,0,0,12,0.0
2025,13,Belgian Grand Prix,2025-07-27,spa,lawson,LAW,rb,9.0,12.6,0,0,8,4.0
2025,13,Belgian Grand Prix,2025-07-27,spa,leclerc,LEC,ferrari,3.0,5.4,0,1,3,15.0
2025,13,Belgian Grand Prix,2025-07-27,spa,max_verstappen,VER,red_bull,4.0,7.8,0,0,4,12.0
2025,13,Belgian Grand Prix,2025-07-27,spa,norris,NOR,mclaren,1.0,4.6,0,1,2,18.0
2025,13,Belgian Grand Prix,2025-07-27,spa,ocon,OCO,haas,11.0,11.0,0,0,15,0.0
2025,13,Belgian Grand Prix,2025-07-27,spa,piastri,PIA,mclaren,2.0,2.4,1,1,1,25.0
2025,13,Belgian Grand Prix,2025-07-27,spa,russell,RUS,mercedes,6.0,6.2,0,0,5,10.0
2025,13,Belgian Grand Prix,2025-07-27,spa,sainz,SAI,williams,15.0,13.2,0,0,18,0.0
2025,13,Belgian Grand Prix,2025-07-27,spa,stroll,STR,aston_martin,20.0,13.6,0,0,14,0.0
2025,13,Belgian Grand Prix,2025-07-27,spa,tsunoda,TSU,red_bull,7.0,14.6,0,0,13,0.0
2025,14,Hungarian Grand Prix,2025-08-03,hungaroring,albon,ALB,williams,20.0,14.0,0,0,15,0.0
2025,14,Hungarian Grand Prix,2025-08-03,hungaroring,alonso,ALO,aston_martin,5.0,9.8,0,0,5,10.0
2025,14,Hungarian Grand Prix,2025-08-03,hungaroring,antonelli,ANT,mercedes,15.0,14.4,0,0,10,1.0
2025,14,Hungarian Grand Prix,2025-08-03,hungaroring,bearman,BEA,haas,11.0,12.2,0,0,20,0.0
2025,14,Hungarian Grand Prix,2025-08-03,hungaroring,bortoleto,BOR,sauber,7.0,12.2,0,0,6,8.0
2025,14,Hungarian Grand Prix,2025-08-03,hungaroring,colapinto,COL,alpine,14.0,16.4,0,0,18,0.0
2025,14,Hungarian Grand Prix,2025-08-03,hungaroring,gasly,GAS,alpine,17.0,10.4,0,0,19,0.0
2025,14,Hungarian Grand Prix,2025-08-03,hungaroring,hadjar,HAD,rb,10.0,14.4,0,0,11,0.0
2025,14,Hungarian Grand Prix,2025-08-03,hungaroring,hamilton,HAM,ferrari,12.0,5.4,0,0,12,0.0
2025,14,Hungarian Grand Prix,2025-08-03,hungaroring,hulkenberg,HUL,sauber,19.0,7.4,0,0,13,0.0
2025,14,Hungarian Grand Prix,2025-08-03,hungaroring,lawson,LAW,rb,9.0,12.6,0,0,8,4.0
2025,14,Hungarian Grand Prix,2025-08-03,hungaroring,leclerc,LEC,ferrari,1.0,5.6,0,0,4,12.0
2025,14,Hungarian Grand Prix,2025-08-03,hungaroring,max_verstappen,VER,red_bull,8.0,7.8,0,0,9,2.0
2025,14,Hungarian Grand Prix,2025-08-03,hungaroring,norris,NOR,mclaren,3.0,4.8,1,1,1,25.0
2025,14,Hungarian Grand Prix,2025-08-03,hungaroring,ocon,OCO,haas,18.0,12.6,0,0,16,0.0
2025,14,Hungarian Grand Prix,2025-08-03,hungaroring,piastri,PIA,mclaren,2.0,2.0,0,1,2,18.0
2025,14,Hungarian Grand Prix,2025-08-03,hungaroring,russell,RUS,mercedes,4.0,5.0,0,1,3,15.0
2025,14,Hungarian Grand Prix,2025-08-03,hungaroring,sainz,SAI,williams,13.0,14.8,0,0,14,0.0
2025,14,Hungarian Grand Prix,2025-08-03,hungaroring,stroll,STR,aston_martin,6.0,13.4,0,0,7,6.0
2025,14,Hungarian Grand Prix,2025-08-03,hungaroring,tsunoda,TSU,red_bull,16.0,13.8,0,0,17,0.0
2025,15,Dutch Grand Prix,2025-08-31,zandvoort,albon,ALB,williams,15.0,13.2,0,0,5,10.0
2025,15,Dutch Grand Prix,2025-08-31,zandvoort,alonso,ALO,aston_martin,10.0,9.0,0,0,8,4.0
2025,15,Dutch Grand Prix,2025-08-31,zandvoort,antonelli,ANT,mercedes,11.0,12.8,0,0,16,0.0
2025,15,Dutch Grand Prix,2025-08-31,zandvoort,bearman,BEA,haas,19.0,12.8,0,0,6,8.0
2025,15,Dutch Grand Prix,2025-08-31,zandvoort,bortoleto,BOR,sauber,13.0,11.0,0,0,15,0.0
2025,15,Dutch Grand Prix,2025-08-31,zandvoort,colapinto,COL,alpine,16.0,17.0,0,0,11,0.0
2025,15,Dutch Grand Prix,2025-08-31,zandvoort,gasly,GAS,alpine,14.0,12.6,0,0,17,0.0
2025,15,Dutch Grand Prix,2025-08-31,zandvoort,hadjar,HAD,rb,4.0,15.2,0,1,3,15.0
2025,15,Dutch Grand Prix,2025-08-31,zandvoort,hamilton,HAM,ferrari,7.0,6.6,0,0,20,0.0
2025,15,Dutch Grand Prix,2025-08-31,zandvoort,hulkenberg,HUL,sauber,17.0,9.0,0,0,14,0.0
2025,15,Dutch Grand Prix,2025-08-31,zandvoort,lawson,LAW,rb,8.0,12.0,0,0,12,0.0
2025,15,Dutch Grand Prix,2025-08-31,zandvoort,leclerc,LEC,ferrari,6.0,5.8,0,0,19,0.0
2025,15,Dutch Grand Prix,2025-08-31,zandvoort,max_verstappen,VER,red_bull,3.0,7.6,0,1,2,18.0
2025,15,Dutch Grand Prix,2025-08-31,zandvoort,norris,NOR,mclaren,2.0,4.6,0,0,18,0.0
2025,15,Dutch Grand Prix,2025-08-31,zandvoort,ocon,OCO,haas,18.0,12.6,0,0,10,1.0
2025,15,Dutch Grand Prix,2025-08-31,zandvoort,piastri,PIA,mclaren,1.0,2.2,1,1,1,25.0
2025,15,Dutch Grand Prix,2025-08-31,zandvoort,russell,RUS,mercedes,5.0,4.8,0,0,4,12.0
2025,15,Dutch Grand Prix,2025-08-31,zandvoort,sainz,SAI,williams,9.0,14.8,0,0,13,0.0
2025,15,Dutch Grand Prix,2025-08-31,zandvoort,stroll,STR,aston_martin,20.0,11.8,0,0,7,6.0
2025,15,Dutch Grand Prix,2025-08-31,zandvoort,tsunoda,TSU,red_bull,12.0,14.6,0,0,9,2.0
2025,16,Italian Grand Prix,2025-09-07,monza,albon,ALB,williams,14.0,10.2,0,0,7,6.0
2025,16,Italian Grand Prix,2025-09-07,monza,alonso,ALO,aston_martin,9.0,9.2,0,0,19,0.0
2025,16,Italian Grand Prix,2025-09-07,monza,antonelli,ANT,mercedes,7.0,15.4,0,0,9,2.0
2025,16,Italian Grand Prix,2025-09-07,monza,bearman,BEA,haas,11.0,11.8,0,0,12,0.0
2025,16,Italian Grand Prix,2025-09-07,monza,bortoleto,BOR,sauber,8.0,11.2,0,0,8,4.0
2025,16,Italian Grand Prix,2025-09-07,monza,colapinto,COL,alpine,18.0,16.6,0,0,17,0.0
2025,16,Italian Grand Prix,2025-09-07,monza,gasly,GAS,alpine,19.0,13.0,0,0,16,0.0
2025,16,Italian Grand Prix,2025-09-07,monza,hadjar,HAD,rb,16.0,12.6,0,0,10,1.0
2025,16,Italian Grand Prix,2025-09-07,monza,hamilton,HAM,ferrari,5.0,9.4,0,0,6,8.0
2025,16,Italian Grand Prix,2025-09-07,monza,hulkenberg,HUL,sauber,12.0,10.2,0,0,20,0.0
2025,16,Italian Grand Prix,2025-09-07,monza,lawson,LAW,rb,20.0,10.6,0,0,14,0.0
2025,16,Italian Grand Prix,2025-09-07,monza,leclerc,LEC,ferrari,4.0,8.6,0,0,4,12.0
2025,16,Italian Grand Prix,2025-09-07,monza,max_verstappen,VER,red_bull,1.0,7.6,1,1,1,25.0
2025,16,Italian Grand Prix,2025-09-07,monza,norris,NOR,mclaren,2.0,4.6,0,1,2,18.0
2025,16,Italian Grand Prix,2025-09-07,monza,ocon,OCO,haas,15.0,12.8,0,0,15,0.0
2025,16,Italian Grand Prix,2025-09-07,monza,piastri,PIA,mclaren,3.0,1.6,0,1,3,15.0
2025,16,Italian Grand Prix,2025-09-07,monza,russell,RUS,mercedes,6.0,5.4,0,0,5,10.0
2025,16,Italian Grand Prix,2025-09-07,monza,sainz,SAI,williams,13.0,15.4,0,0,11,0.0
2025,16,Italian Grand Prix,2025-09-07,monza,stroll,STR,aston_martin,17.0,9.8,0,0,18,0.0
2025,16,Italian Grand Prix,2025-09-07,monza,tsunoda,TSU,red_bull,10.0,14.0,0,0,13,0.0
2025,17,Azerbaijan Grand Prix,2025-09-21,baku,albon,ALB,williams,19.0,8.2,0,0,13,0.0
2025,17,Azerbaijan Grand Prix,2025-09-21,baku,alonso,ALO,aston_martin,11.0,11.6,0,0,15,0.0
2025,17,Azerbaijan Grand Prix,2025-09-21,baku,antonelli,ANT,mercedes,4.0,13.4,0,0,4,12.0
2025,17,Azerbaijan Grand Prix,2025-09-21,baku,bearman,BEA,haas,15.0,12.0,0,0,12,0.0
2025,17,Azerbaijan Grand Prix,2025-09-21,baku,bortoleto,BOR,sauber,13.0,11.2,0,0,11,0.0
2025,17,Azerbaijan Grand Prix,2025-09-21,baku,colapinto,COL,alpine,16.0,17.0,0,0,19,0.0
2025,17,Azerbaijan Grand Prix,2025-09-21,baku,gasly,GAS,alpine,18.0,13.6,0,0,18,0.0
2025,17,Azerbaijan Grand Prix,2025-09-21,baku,hadjar,HAD,rb,8.0,12.2,0,0,10,1.0
2025,17,Azerbaijan Grand Prix,2025-09-21,baku,hamilton,HAM,ferrari,12.0,9.8,0,0,8,4.0
2025,17,Azerbaijan Grand Prix,2025-09-21,baku,hulkenberg,HUL,sauber,17.0,12.4,0,0,16,0.0
2025,17,Azerbaijan Grand Prix,2025-09-21,baku,lawson,LAW,rb,3.0,12.2,0,0,5,10.0
2025,17,Azerbaijan Grand Prix,2025-09-21,baku,leclerc,LEC,ferrari,10.0,8.8,0,0,9,2.0
2025,17,Azerbaijan Grand Prix,2025-09-21,baku,max_verstappen,VER,red_bull,1.0,4.2,1,1,1,25.0
2025,17,Azerbaijan Grand Prix,2025-09-21,baku,norris,NOR,mclaren,7.0,4.8,0,0,7,6.0
2025,17,Azerbaijan Grand Prix,2025-09-21,baku,ocon,OCO,haas,20.0,13.8,0,0,14,0.0
2025,17,Azerbaijan Grand Prix,2025-09-21,baku,piastri,PIA,mclaren,9.0,1.8,0,0,20,0.0
2025,17,Azerbaijan Grand Prix,2025-09-21,baku,russell,RUS,mercedes,5.0,5.4,0,1,2,18.0
2025,17,Azerbaijan Grand Prix,2025-09-21,baku,sainz,SAI,williams,2.0,13.6,0,1,3,15.0
2025,17,Azerbaijan Grand Prix,2025-09-21,baku,stroll,STR,aston_martin,14.0,10.6,0,0,17,0.0
2025,17,Azerbaijan Grand Prix,2025-09-21,baku,tsunoda,TSU,red_bull,6.0,13.4,0,0,6,8.0
2025,18,Singapore Grand Prix,2025-10-05,marina_bay,albon,ALB,williams,19.0,9.2,0,0,14,0.0
2025,18,Singapore Grand Prix,2025-10-05,marina_bay,alonso,ALO,aston_martin,10.0,12.8,0,0,7,6.0
2025,18,Singapore Grand Prix,2025-10-05,marina_bay,antonelli,ANT,mercedes,4.0,11.0,0,0,5,10.0
2025,18,Singapore Grand Prix,2025-10-05,marina_bay,bearman,BEA,haas,9.0,12.2,0,0,9,2.0
2025,18,Singapore Grand Prix,2025-10-05,marina_bay,bortoleto,BOR,sauber,14.0,9.8,0,0,17,0.0
2025,18,Singapore Grand Prix,2025-10-05,marina_bay,colapinto,COL,alpine,16.0,16.8,0,0,16,0.0
2025,18,Singapore Grand Prix,2025-10-05,marina_bay,gasly,GAS,alpine,18.0,16.0,0,0,19,0.0
2025,18,Singapore Grand Prix,2025-10-05,marina_bay,hadjar,HAD,rb,8.0,10.8,0,0,11,0.0
2025,18,Singapore Grand Prix,2025-10-05,marina_bay,hamilton,HAM,ferrari,6.0,10.6,0,0,8,4.0
2025,18,Singapore Grand Prix,2025-10-05,marina_bay,hulkenberg,HUL,sauber,11.0,15.0,0,0,20,0.0
2025,18,Singapore Grand Prix,2025-10-05,marina_bay,lawson,LAW,rb,12.0,9.4,0,0,15,0.0
2025,18,Singapore Grand Prix,2025-10-05,marina_bay,leclerc,LEC,ferrari,7.0,7.8,0,0,6,8.0
2025,18,Singapore Grand Prix,2025-10-05,marina_bay,max_verstappen,VER,red_bull,2.0,3.4,0,1,2,18.0
2025,18,Singapore Grand Prix,2025-10-05,marina_bay,norris,NOR,mclaren,5.0,6.0,0,1,3,15.0
2025,18,Singapore Grand Prix,2025-10-05,marina_bay,ocon,OCO,haas,17.0,14.0,0,0,18,0.0
2025,18,Singapore Grand Prix,2025-10-05,marina_bay,piastri,PIA,mclaren,3.0,5.4,0,0,4,12.0
2025,18,Singapore Grand Prix,2025-10-05,marina_bay,russell,RUS,mercedes,1.0,3.8,1,1,1,25.0
2025,18,Singapore Grand Prix,2025-10-05,marina_bay,sainz,SAI,williams,20.0,11.8,0,0,10,1.0
2025,18,Singapore Grand Prix,2025-10-05,marina_bay,stroll,STR,aston_martin,15.0,12.6,0,0,13,0.0
2025,18,Singapore Grand Prix,2025-10-05,marina_bay,tsunoda,TSU,red_bull,13.0,11.6,0,0,12,0.0
2025,19,United States Grand Prix,2025-10-19,americas,albon,ALB,williams,19.0,10.8,0,0,14,0.0
2025,19,United States Grand Prix,2025-10-19,americas,alonso,ALO,aston_martin,10.0,10.8,0,0,10,1.0
2025,19,United States Grand Prix,2025-10-19,americas,antonelli,ANT,mercedes,7.0,8.8,0,0,13,0.0
2025,19,United States Grand Prix,2025-10-19,americas,bearman,BEA,haas,8.0,11.8,0,0,9,2.0
2025,19,United States Grand Prix,2025-10-19,americas,bortoleto,BOR,sauber,16.0,11.4,0,0,18,0.0
2025,19,United States Grand Prix,2025-10-19,americas,colapinto,COL,alpine,15.0,16.2,0,0,17,0.0
2025,19,United States Grand Prix,2025-10-19,americas,gasly,GAS,alpine,14.0,17.8,0,0,19,0.0
2025,19,United States Grand Prix,2025-10-19,americas,hadjar,HAD,rb,20.0,9.0,0,0,16,0.0
2025,19,United States Grand Prix,2025-10-19,americas,hamilton,HAM,ferrari,5.0,10.8,0,0,4,12.0
2025,19,United States Grand Prix,2025-10-19,americas,hulkenberg,HUL,sauber,11.0,16.6,0,0,8,4.0
2025,19,United States Grand Prix,2025-10-19,americas,lawson,LAW,rb,12.0,10.8,0,0,11,0.0
2025,19,United States Grand Prix,2025-10-19,americas,leclerc,LEC,ferrari,3.0,8.4,0,1,3,15.0
2025,19,United States Grand Prix,2025-10-19,americas,max_verstappen,VER,red_bull,1.0,3.0,1,1,1,25.0
2025,19,United States Grand Prix,2025-10-19,americas,norris,NOR,mclaren,2.0,6.2,0,1,2,18.0
2025,19,United States Grand Prix,2025-10-19,americas,ocon,OCO,haas,17.0,14.6,0,0,15,0.0
2025,19,United States Grand Prix,2025-10-19,americas,piastri,PIA,mclaren,6.0,6.0,0,0,5,10.0
2025,19,United States Grand Prix,2025-10-19,americas,russell,RUS,mercedes,4.0,3.0,0,0,6,8.0
2025,19,United States Grand Prix,2025-10-19,americas,sainz,SAI,williams,9.0,10.2,0,0,20,0.0
2025,19,United States Grand Prix,2025-10-19,americas,stroll,STR,aston_martin,18.0,12.4,0,0,12,0.0
2025,19,United States Grand Prix,2025-10-19,americas,tsunoda,TSU,red_bull,13.0,11.4,0,0,7,6.0
2025,20,Mexico City Grand Prix,2025-10-26,rodriguez,albon,ALB,williams,17.0,10.6,0,0,12,0.0
2025,20,Mexico City Grand Prix,2025-10-26,rodriguez,alonso,ALO,aston_martin,14.0,11.8,0,0,18,0.0
2025,20,Mexico City Grand Prix,2025-10-26,rodriguez,antonelli,ANT,mercedes,6.0,9.4,0,0,6,8.0
2025,20,Mexico City Grand Prix,2025-10-26,rodriguez,bearman,BEA,haas,10.0,9.6,0,0,4,12.0
2025,20,Mexico City Grand Prix,2025-10-26,rodriguez,bortoleto,BOR,sauber,16.0,13.8,0,0,10,1.0
2025,20,Mexico City Grand Prix,2025-10-26,rodriguez,colapinto,COL,alpine,20.0,16.0,0,0,16,0.0
2025,20,Mexico City Grand Prix,2025-10-26,rodriguez,gasly,GAS,alpine,18.0,17.8,0,0,15,0.0
2025,20,Mexico City Grand Prix,2025-10-26,rodriguez,hadjar,HAD,rb,9.0,10.0,0,0,13,0.0
2025,20,Mexico City Grand Prix,2025-10-26,rodriguez,hamilton,HAM,ferrari,3.0,9.2,0,0,8,4.0
2025,20,Mexico City Grand Prix,2025-10-26,rodriguez,hulkenberg,HUL,sauber,13.0,15.6,0,0,19,0.0
2025,20,Mexico City Grand Prix,2025-10-26,rodriguez,lawson,LAW,rb,15.0,11.4,0,0,20,0.0
2025,20,Mexico City Grand Prix,2025-10-26,rodriguez,leclerc,LEC,ferrari,2.0,8.2,0,1,2,18.0
2025,20,Mexico City Grand Prix,2025-10-26,rodriguez,max_verstappen,VER,red_bull,5.0,1.4,0,1,3,15.0
2025,20,Mexico City Grand Prix,2025-10-26,rodriguez,norris,NOR,mclaren,1.0,6.4,1,1,1,25.0
2025,20,Mexico City Grand Prix,2025-10-26,rodriguez,ocon,OCO,haas,12.0,14.4,0,0,9,2.0
2025,20,Mexico City Grand Prix,2025-10-26,rodriguez,piastri,PIA,mclaren,8.0,6.6,0,0,5,10.0
2025,20,Mexico City Grand Prix,2025-10-26,rodriguez,russell,RUS,mercedes,4.0,3.6,0,0,7,6.0
2025,20,Mexico City Grand Prix,2025-10-26,rodriguez,sainz,SAI,williams,7.0,11.4,0,0,17,0.0
2025,20,Mexico City Grand Prix,2025-10-26,rodriguez,stroll,STR,aston_martin,19.0,13.4,0,0,14,0.0
2025,20,Mexico City Grand Prix,2025-10-26,rodriguez,tsunoda,TSU,red_bull,11.0,9.4,0,0,11,0.0
2025,21,São Paulo Grand Prix,2025-11-09,interlagos,albon,ALB,williams,12.0,12.0,0,0,11,0.0
2025,21,São Paulo Grand Prix,2025-11-09,interlagos,alonso,ALO,aston_martin,11.0,13.8,0,0,14,0.0
2025,21,São Paulo Grand Prix,2025-11-09,interlagos,antonelli,ANT,mercedes,2.0,7.4,0,1,2,18.0
2025,21,São Paulo Grand Prix,2025-11-09,interlagos,bearman,BEA,haas,8.0,9.2,0,0,6,8.0
2025,21,São Paulo Grand Prix,2025-11-09,interlagos,bortoleto,BOR,sauber,20.0,12.8,0,0,20,0.0
2025,21,São Paulo Grand Prix,2025-11-09,interlagos,colapinto,COL,alpine,18.0,17.0,0,0,15,0.0
2025,21,São Paulo Grand Prix,2025-11-09,interlagos,gasly,GAS,alpine,9.0,17.4,0,0,10,1.0
2025,21,São Paulo Grand Prix,2025-11-09,interlagos,hadjar,HAD,rb,5.0,12.0,0,0,8,4.0
2025,21,São Paulo Grand Prix,2025-11-09,interlagos,hamilton,HAM,ferrari,13.0,6.8,0,0,18,0.0
2025,21,São Paulo Grand Prix,2025-11-09,interlagos,hulkenberg,HUL,sauber,10.0,16.6,0,0,9,2.0
2025,21,São Paulo Grand Prix,2025-11-09,interlagos,lawson,LAW,rb,7.0,13.0,0,0,7,6.0
2025,21,São Paulo Grand Prix,2025-11-09,interlagos,leclerc,LEC,ferrari,3.0,4.8,0,0,19,0.0
2025,21,São Paulo Grand Prix,2025-11-09,interlagos,max_verstappen,VER,red_bull,16.0,1.6,0,1,3,15.0
2025,21,São Paulo Grand Prix,2025-11-09,interlagos,norris,NOR,mclaren,1.0,3.0,1,1,1,25.0
2025,21,São Paulo Grand Prix,2025-11-09,interlagos,ocon,OCO,haas,17.0,14.2,0,0,12,0.0
2025,21,São Paulo Grand Prix,2025-11-09,interlagos,piastri,PIA,mclaren,4.0,7.4,0,0,5,10.0
2025,21,São Paulo Grand Prix,2025-11-09,interlagos,russell,RUS,mercedes,6.0,4.2,0,0,4,12.0
2025,21,São Paulo Grand Prix,2025-11-09,interlagos,sainz,SAI,williams,15.0,12.2,0,0,13,0.0
2025,21,São Paulo Grand Prix,2025-11-09,interlagos,stroll,STR,aston_martin,14.0,14.8,0,0,16,0.0
2025,21,São Paulo Grand Prix,2025-11-09,interlagos,tsunoda,TSU,red_bull,19.0,9.8,0,0,17,0.0
2025,22,Las Vegas Grand Prix,2025-11-23,vegas,albon,ALB,williams,16.0,12.8,0,0,16,0.0
2025,22,Las Vegas Grand Prix,2025-11-23,vegas,alonso,ALO,aston_martin,7.0,12.8,0,0,11,0.0
2025,22,Las Vegas Grand Prix,2025-11-23,vegas,antonelli,ANT,mercedes,17.0,6.0,0,1,3,15.0
2025,22,Las Vegas Grand Prix,2025-11-23,vegas,bearman,BEA,haas,14.0,8.0,0,0,10,1.0
2025,22,Las Vegas Grand Prix,2025-11-23,vegas,bortoleto,BOR,sauber,18.0,15.2,0,0,17,0.0
2025,22,Las Vegas Grand Prix,2025-11-23,vegas,colapinto,COL,alpine,15.0,16.6,0,0,15,0.0
2025,22,Las Vegas Grand Prix,2025-11-23,vegas,gasly,GAS,alpine,10.0,16.2,0,0,13,0.0
2025,22,Las Vegas Grand Prix,2025-11-23,vegas,hadjar,HAD,rb,8.0,11.6,0,0,6,8.0
2025,22,Las Vegas Grand Prix,2025-11-23,vegas,hamilton,HAM,ferrari,20.0,9.2,0,0,8,4.0
2025,22,Las Vegas Grand Prix,2025-11-23,vegas,hulkenberg,HUL,sauber,11.0,14.4,0,0,7,6.0
2025,22,Las Vegas Grand Prix,2025-11-23,vegas,lawson,LAW,rb,6.0,11.6,0,0,14,0.0
2025,22,Las Vegas Grand Prix,2025-11-23,vegas,leclerc,LEC,ferrari,9.0,7.8,0,0,4,12.0
2025,22,Las Vegas Grand Prix,2025-11-23,vegas,max_verstappen,VER,red_bull,2.0,2.0,1,1,1,25.0
2025,22,Las Vegas Grand Prix,2025-11-23,vegas,norris,NOR,mclaren,1.0,2.8,0,0,19,0.0
2025,22,Las Vegas Grand Prix,2025-11-23,vegas,ocon,OCO,haas,13.0,13.6,0,0,9,2.0
2025,22,Las Vegas Grand Prix,2025-11-23,vegas,piastri,PIA,mclaren,5.0,7.8,0,0,20,0.0
2025,22,Las Vegas Grand Prix,2025-11-23,vegas,russell,RUS,mercedes,4.0,4.0,0,1,2,18.0
2025,22,Las Vegas Grand Prix,2025-11-23,vegas,sainz,SAI,williams,3.0,12.6,0,0,5,10.0
2025,22,Las Vegas Grand Prix,2025-11-23,vegas,stroll,STR,aston_martin,12.0,14.4,0,0,18,0.0
2025,22,Las Vegas Grand Prix,2025-11-23,vegas,tsunoda,TSU,red_bull,19.0,10.6,0,0,12,0.0
2025,23,Qatar Grand Prix,2025-11-30,losail,albon,ALB,williams,15.0,13.4,0,0,11,0.0
2025,23,Qatar Grand Prix,2025-11-30,losail,alonso,ALO,aston_martin,8.0,12.0,0,0,7,6.0
2025,23,Qatar Grand Prix,2025-11-30,losail,antonelli,ANT,mercedes,5.0,5.8,0,0,5,10.0
2025,23,Qatar Grand Prix,2025-11-30,losail,bearman,BEA,haas,13.0,7.6,0,0,19,0.0
2025,23,Qatar Grand Prix,2025-11-30,losail,bortoleto,BOR,sauber,14.0,16.4,0,0,13,0.0
2025,23,Qatar Grand Prix,2025-11-30,losail,colapinto,COL,alpine,20.0,15.8,0,0,14,0.0
2025,23,Qatar Grand Prix,2025-11-30,losail,gasly,GAS,alpine,9.0,15.2,0,0,16,0.0
2025,23,Qatar Grand Prix,2025-11-30,losail,hadjar,HAD,rb,6.0,10.8,0,0,18,0.0
2025,23,Qatar Grand Prix,2025-11-30,losail,hamilton,HAM,ferrari,18.0,9.2,0,0,12,0.0
2025,23,Qatar Grand Prix,2025-11-30,losail,hulkenberg,HUL,sauber,11.0,12.6,0,0,20,0.0
2025,23,Qatar Grand Prix,2025-11-30,losail,lawson,LAW,rb,12.0,13.4,0,0,9,2.0
2025,23,Qatar Grand Prix,2025-11-30,losail,leclerc,LEC,ferrari,10.0,6.8,0,0,8,4.0
2025,23,Qatar Grand Prix,2025-11-30,losail,max_verstappen,VER,red_bull,3.0,2.0,1,1,1,25.0
2025,23,Qatar Grand Prix,2025-11-30,losail,norris,NOR,mclaren,2.0,5.2,0,0,4,12.0
2025,23,Qatar Grand Prix,2025-11-30,losail,ocon,OCO,haas,17.0,12.6,0,0,15,0.0
2025,23,Qatar Grand Prix,2025-11-30,losail,piastri,PIA,mclaren,1.0,7.8,0,1,2,18.0
2025,23,Qatar Grand Prix,2025-11-30,losail,russell,RUS,mercedes,4.0,4.0,0,0,6,8.0
2025,23,Qatar Grand Prix,2025-11-30,losail,sainz,SAI,williams,7.0,13.0,0,1,3,15.0
2025,23,Qatar Grand Prix,2025-11-30,losail,stroll,STR,aston_martin,19.0,14.6,0,0,17,0.0
2025,23,Qatar Grand Prix,2025-11-30,losail,tsunoda,TSU,red_bull,16.0,11.8,0,0,10,1.0
2025,24,Abu Dhabi Grand Prix,2025-12-07,yas_marina,albon,ALB,williams,17.0,12.8,0,0,16,0.0
2025,24,Abu Dhabi Grand Prix,2025-12-07,yas_marina,alonso,ALO,aston_martin,6.0,12.0,0,0,6,8.0
2025,24,Abu Dhabi Grand Prix,2025-12-07,yas_marina,antonelli,ANT,mercedes,14.0,5.8,0,0,15,0.0
2025,24,Abu Dhabi Grand Prix,2025-12-07,yas_marina,bearman,BEA,haas,11.0,9.6,0,0,12,0.0
2025,24,Abu Dhabi Grand Prix,2025-12-07,yas_marina,bortoleto,BOR,sauber,7.0,15.6,0,0,11,0.0
2025,24,Abu Dhabi Grand Prix,2025-12-07,yas_marina,colapinto,COL,alpine,20.0,15.4,0,0,20,0.0
2025,24,Abu Dhabi Grand Prix,2025-12-07,yas_marina,gasly,GAS,alpine,19.0,14.6,0,0,19,0.0
2025,24,Abu Dhabi Grand Prix,2025-12-07,yas_marina,hadjar,HAD,rb,9.0,12.2,0,0,17,0.0
2025,24,Abu Dhabi Grand Prix,2025-12-07,yas_marina,hamilton,HAM,ferrari,16.0,10.0,0,0,8,4.0
2025,24,Abu Dhabi Grand Prix,2025-12-07,yas_marina,hulkenberg,HUL,sauber,18.0,12.6,0,0,9,2.0
2025,24,Abu Dhabi Grand Prix,2025-12-07,yas_marina,lawson,LAW,rb,13.0,12.2,0,0,18,0.0
2025,24,Abu Dhabi Grand Prix,2025-12-07,yas_marina,leclerc,LEC,ferrari,5.0,7.2,0,0,4,12.0
2025,24,Abu Dhabi Grand Prix,2025-12-07,yas_marina,max_verstappen,VER,red_bull,1.0,1.8,1,1,1,25.0
2025,24,Abu Dhabi Grand Prix,2025-12-07,yas_marina,norris,NOR,mclaren,2.0,5.4,0,1,3,15.0
2025,24,Abu Dhabi Grand Prix,2025-12-07,yas_marina,ocon,OCO,haas,8.0,12.0,0,0,7,6.0
2025,24,Abu Dhabi Grand Prix,2025-12-07,yas_marina,piastri,PIA,mclaren,3.0,7.4,0,1,2,18.0
2025,24,Abu Dhabi Grand Prix,2025-12-07,yas_marina,russell,RUS,mercedes,4.0,5.0,0,0,5,10.0
2025,24,Abu Dhabi Grand Prix,2025-12-07,yas_marina,sainz,SAI,williams,12.0,11.6,0,0,13,0.0
2025,24,Abu Dhabi Grand Prix,2025-12-07,yas_marina,stroll,STR,aston_martin,15.0,15.4,0,0,10,1.0
2025,24,Abu Dhabi Grand Prix,2025-12-07,yas_marina,tsunoda,TSU,red_bull,10.0,11.4,0,0,14,0.0
